sjId,sjGender,sjDateOfBirth,sjMaritalStatusId,sjWoonplaatsId,itvInterventieOptieId,itvGoalReached,casThemaGebiedId,casTargetId,proboptId,probProbleemOptieId
3,Male,1990-09-01,9,3,47,1,10,2250,4,4
3,Male,1990-09-01,9,3,87,1,10,2250,38,38
3,Male,1990-09-01,9,3,66,1,10,2250,38,38
3,Male,1990-09-01,9,3,24,1,10,2250,38,38
3,Male,1990-09-01,9,3,108,1,10,2250,38,38
3,Male,1990-09-01,9,3,26,1,10,2250,38,38
3,Male,1990-09-01,9,3,128,1,10,2250,13,13
3,Male,1990-09-01,9,3,6,1,10,2250,38,38
4,Male,1986-04-01,9,9000,108,1,25,1983,38,38
4,Male,1986-04-01,9,9000,111,1,25,1983,13,13
11,Male,1988-10-01,9,3,66,1,113,2411,38,38
11,Male,1988-10-01,9,3,87,1,113,2411,38,38
11,Male,1988-10-01,9,3,87,1,113,2411,38,38
11,Male,1988-10-01,9,3,109,1,113,2411,38,38
11,Male,1988-10-01,9,3,7,1,113,2411,38,38
11,Male,1988-10-01,9,3,24,1,113,2411,38,38
15,Male,1991-02-01,9,3,24,1,5,1105,38,38
20,Male,1993-11-01,2,3,109,1,25,800,38,38
20,Male,1993-11-01,2,3,44,1,25,800,38,38
20,Male,1993-11-01,2,3,44,1,25,800,38,38
20,Male,1993-11-01,2,3,63,1,25,800,38,38
20,Male,1993-11-01,2,3,63,1,25,800,38,38
20,Male,1993-11-01,2,3,87,1,25,800,38,38
20,Male,1993-11-01,2,3,6,1,25,800,38,38
23,Male,1995-10-01,2,3,58,1,10,2624,38,38
23,Male,1995-10-01,2,3,58,1,10,2624,38,38
23,Male,1995-10-01,2,3,58,1,10,2624,38,38
35,Male,1992-10-01,9,3,7,1,25,754,38,38
35,Male,1992-10-01,9,3,66,1,25,754,38,38
35,Male,1992-10-01,9,3,87,1,25,754,38,38
35,Male,1992-10-01,9,3,26,1,25,754,38,38
37,Male,1991-05-01,9,416,87,1,10,2362,38,38
37,Male,1991-05-01,9,416,66,1,10,2362,38,38
61,Male,1994-07-01,9,134,143,1,11,1266,23,23
61,Male,1994-07-01,9,134,180,1,11,1266,4,4
62,Male,1995-02-01,9,9000,143,1,10,1576,22,22
82,Male,1998-10-01,9,283,108,1,13,1542,77,77
82,Male,1998-10-01,9,283,144,1,13,1542,34,34
86,Male,1986-12-01,9,3,132,1,10,2306,23,23
86,Male,1986-12-01,9,3,16,1,10,2306,13,13
86,Male,1986-12-01,9,3,49,1,10,2306,13,13
95,Male,1992-08-01,9,3,110,1,10,2887,38,38
103,Male,1994-04-01,9,3,34,1,105,2590,33,33
104,Male,1988-12-01,9,3,108,1,5,938,38,38
105,Male,1992-02-01,9,3,7,1,5,818,38,38
105,Male,1992-02-01,9,3,7,1,5,818,38,38
105,Male,1992-02-01,9,3,66,1,5,818,38,38
105,Male,1992-02-01,9,3,63,1,5,818,38,38
105,Male,1992-02-01,9,3,58,1,5,818,38,38
106,Male,1989-06-01,2,3,66,1,113,2332,38,38
106,Male,1989-06-01,2,3,66,1,113,2332,38,38
106,Male,1989-06-01,2,3,87,1,113,2332,38,38
106,Male,1989-06-01,2,3,87,1,113,2332,38,38
106,Male,1989-06-01,2,3,45,1,113,2332,38,38
107,Male,1990-02-01,9,3,87,1,113,2088,38,38
107,Male,1990-02-01,9,3,45,1,113,2088,38,38
113,Male,1988-08-01,9,3,24,1,25,1851,38,38
135,Male,1992-07-01,2,3,87,1,5,794,38,38
135,Male,1992-07-01,2,3,87,1,5,794,38,38
135,Male,1992-07-01,2,3,87,1,5,794,38,38
135,Male,1992-07-01,2,3,26,1,5,794,38,38
135,Male,1992-07-01,2,3,108,1,5,794,38,38
135,Male,1992-07-01,2,3,108,1,5,794,38,38
135,Male,1992-07-01,2,3,114,1,5,794,5,5
135,Male,1992-07-01,2,3,34,1,5,794,4,4
148,Male,1992-08-01,2,3,66,1,25,2432,38,38
148,Male,1992-08-01,2,3,87,1,25,2432,38,38
148,Male,1992-08-01,2,3,87,1,25,2432,38,38
148,Male,1992-08-01,2,3,58,1,25,2432,38,38
148,Male,1992-08-01,2,3,58,1,25,2432,38,38
148,Male,1992-08-01,2,3,71,1,25,2432,38,38
157,Male,1979-11-01,9,3,16,1,10,1870,13,13
159,Male,1990-09-01,9,9000,108,1,5,1036,38,38
159,Male,1990-09-01,9,9000,71,1,5,1036,38,38
165,Male,1994-05-01,9,3,58,1,10,2626,38,38
165,Male,1994-05-01,9,3,128,1,10,2626,13,13
169,Male,1994-07-01,9,52,180,1,8,1180,38,38
169,Male,1994-07-01,9,52,202,1,8,1180,4,4
174,Unknown,1987-02-01,9,28,108,1,126,777,38,38
174,Unknown,1987-02-01,9,28,60,1,126,777,38,38
190,Male,1988-02-01,9,9000,66,1,5,715,38,38
190,Male,1988-02-01,9,9000,44,1,5,715,38,38
190,Male,1988-02-01,9,9000,34,1,5,715,33,33
190,Male,1988-02-01,9,9000,7,1,5,715,38,38
199,Male,1990-11-01,2,3,24,1,NULL,3042,38,38
199,Male,1990-11-01,2,3,45,1,NULL,3042,38,38
208,Male,1993-01-01,2,3,23,1,25,2445,38,38
208,Male,1993-01-01,2,3,87,1,25,2445,38,38
208,Male,1993-01-01,2,3,66,1,25,2445,38,38
220,Male,1991-08-01,9,3,66,1,25,2310,38,38
220,Male,1991-08-01,9,3,44,1,25,2310,38,38
220,Male,1991-08-01,9,3,7,1,25,2310,38,38
220,Male,1991-08-01,9,3,49,1,25,2310,13,13
227,Male,1994-06-01,2,3,78,1,71,7491,38,38
227,Male,1994-06-01,2,3,61,1,71,7491,61,61
227,Male,1994-06-01,2,3,30,1,71,7491,58,58
227,Male,1994-06-01,2,3,78,1,71,7491,40,40
227,Male,1994-06-01,2,3,192,1,71,7491,50,50
227,Male,1994-06-01,2,3,30,1,71,7491,58,58
227,Male,1994-06-01,2,3,78,1,71,7491,38,38
227,Male,1994-06-01,2,3,5,1,71,7491,17,17
227,Male,1994-06-01,2,3,94,1,71,7491,14,14
227,Male,1994-06-01,2,3,111,1,71,7491,13,13
227,Male,1994-06-01,2,3,185,1,71,7491,61,61
227,Male,1994-06-01,2,3,182,1,71,7491,28,28
227,Male,1994-06-01,2,3,192,1,71,7491,4,4
227,Male,1994-06-01,2,3,94,1,71,7491,14,14
227,Male,1994-06-01,2,3,78,1,71,7491,38,38
236,Male,1992-07-01,9,416,87,1,10,2642,38,38
236,Male,1992-07-01,9,416,87,1,10,2642,38,38
236,Male,1992-07-01,9,416,87,1,10,2642,38,38
249,Male,1999-09-01,9,3,156,1,13,1733,4,4
256,Male,1990-02-01,9,3,61,1,10,2460,13,13
256,Male,1990-02-01,9,3,92,1,10,2460,36,36
261,Male,1989-09-01,9,3,158,1,119,9077,31,31
263,Male,1991-06-01,9,3,66,1,5,2391,38,38
263,Male,1991-06-01,9,3,24,1,5,2391,38,38
266,Male,1989-03-01,2,3,30,1,63,7493,58,58
266,Male,1989-03-01,2,3,15,1,63,7493,1,1
266,Male,1989-03-01,2,3,78,1,63,7493,38,38
266,Male,1989-03-01,2,3,192,1,63,7493,50,50
280,Male,1991-09-01,9,9000,53,1,126,2355,38,38
281,Male,1996-04-01,9,3,108,1,5,1113,38,38
284,Male,1988-04-01,9,9000,65,1,113,2260,19,19
287,Male,1991-12-01,9,3,208,1,11,9256,115,115
294,Male,1992-01-01,9,3,87,1,10,2415,38,38
294,Male,1992-01-01,9,3,87,1,10,2415,38,38
294,Male,1992-01-01,9,3,87,1,10,2415,38,38
294,Male,1992-01-01,9,3,87,1,10,2415,38,38
294,Male,1992-01-01,9,3,108,1,10,2415,38,38
304,Male,1998-01-01,2,3,140,1,10,1594,77,77
304,Male,1998-01-01,2,3,108,1,10,1594,34,34
307,Male,1992-06-01,9,17,132,1,10,2409,23,23
307,Male,1992-06-01,9,17,20,1,10,2409,4,4
307,Male,1992-06-01,9,17,16,1,10,2409,13,13
307,Male,1992-06-01,9,17,94,1,10,2409,13,13
307,Male,1992-06-01,9,17,65,1,10,2409,13,13
307,Male,1992-06-01,9,17,66,1,10,2409,38,38
309,Male,1997-02-01,9,3,108,1,13,9512,91,91
309,Male,1997-02-01,9,3,44,1,13,9512,77,77
309,Male,1997-02-01,9,3,108,1,13,9512,77,77
313,Male,1997-07-01,9,3,155,1,13,1414,38,38
330,Male,1996-10-01,9,3,185,1,71,7497,61,61
330,Male,1996-10-01,9,3,185,1,71,7497,61,61
330,Male,1996-10-01,9,3,78,1,71,7497,28,28
330,Male,1996-10-01,9,3,78,1,71,7497,38,38
330,Male,1996-10-01,9,3,30,1,71,7497,40,40
330,Male,1996-10-01,9,3,78,1,71,7497,40,40
334,Male,1994-09-01,2,3,30,1,63,7498,58,58
334,Male,1994-09-01,2,3,78,1,63,7498,9,9
334,Male,1994-09-01,2,3,78,1,63,7498,38,38
334,Male,1994-09-01,2,3,157,1,63,7498,50,50
334,Male,1994-09-01,2,3,78,1,63,7498,97,97
334,Male,1994-09-01,2,3,170,1,63,7498,91,91
334,Male,1994-09-01,2,3,88,1,63,7498,5,5
334,Male,1994-09-01,2,3,30,1,63,7498,40,40
334,Male,1994-09-01,2,3,114,1,63,7498,4,4
334,Male,1994-09-01,2,3,78,1,63,7498,40,40
334,Male,1994-09-01,2,3,78,1,63,7498,4,4
334,Male,1994-09-01,2,3,88,1,63,7498,10,10
340,Male,1995-12-01,9,3,44,1,8,1271,38,38
343,Male,1995-05-01,2,3,44,1,10,2663,38,38
344,Male,1996-05-01,9,3,180,1,25,1146,38,38
344,Male,1996-05-01,9,3,157,1,25,1146,5,5
369,Male,1995-04-01,9,3,58,1,13,1278,38,38
369,Male,1995-04-01,9,3,66,1,13,1278,38,38
374,Male,1994-02-01,9,9000,66,1,8,1348,38,38
374,Male,1994-02-01,9,9000,108,1,8,1348,38,38
374,Male,1994-02-01,9,9000,108,1,8,1348,38,38
374,Male,1994-02-01,9,9000,145,1,8,1348,38,38
374,Male,1994-02-01,9,9000,181,1,8,1348,31,31
374,Male,1994-02-01,9,9000,94,1,8,1348,14,14
382,Male,1992-08-01,2,3,16,1,10,2803,13,13
384,Male,1989-09-01,9,9000,1,1,10,2210,21,21
384,Male,1989-09-01,9,9000,197,1,10,2210,21,21
395,Male,1994-06-01,9,3,27,1,8,1574,38,38
396,Male,1994-05-01,2,3,108,1,10,2845,38,38
396,Male,1994-05-01,2,3,128,1,10,2845,13,13
396,Male,1994-05-01,2,3,45,1,10,2845,38,38
406,Male,1992-10-01,2,3,66,1,25,2428,38,38
406,Male,1992-10-01,2,3,87,1,25,2428,38,38
406,Male,1992-10-01,2,3,66,1,25,2428,38,38
406,Male,1992-10-01,2,3,108,1,25,2428,38,38
408,Male,1999-02-01,2,3,140,1,25,11791,77,77
416,Male,1994-06-01,9000,3,24,1,8,1207,38,38
420,Male,1993-07-01,9,9000,111,1,25,828,13,13
420,Male,1993-07-01,9,9000,184,1,25,828,4,4
420,Male,1993-07-01,9,9000,140,1,25,828,38,38
420,Male,1993-07-01,9,9000,58,1,25,828,38,38
430,Male,1994-09-01,9,9000,45,1,25,2836,38,38
430,Male,1994-09-01,9,9000,78,1,63,7504,1,1
430,Male,1994-09-01,9,9000,30,1,63,7504,58,58
430,Male,1994-09-01,9,9000,36,1,10,10290,35,35
430,Male,1994-09-01,9,9000,108,1,10,10290,38,38
434,Male,1997-04-01,9,9000,170,1,63,7505,91,91
434,Male,1997-04-01,9,9000,140,1,8,1509,38,38
449,Male,1994-07-01,2,3,34,1,5,1227,4,4
460,Male,1992-08-01,9000,9000,180,1,13,1294,38,38
461,Male,1993-04-01,2,3,7,1,5,866,38,38
489,Male,1996-05-01,2,3,108,1,8,1821,77,77
489,Male,1996-05-01,2,3,55,1,8,1821,61,61
492,Male,1994-05-01,9,3,58,1,10,2639,38,38
492,Male,1994-05-01,9,3,58,1,10,2639,38,38
494,Male,1997-11-01,9,3,170,1,8,10603,91,91
498,Male,2000-05-01,2,3,144,1,13,8523,77,77
500,Male,1992-12-01,9,3,58,1,10,2680,38,38
501,Male,1991-06-01,9,3,1,1,25,883,51,51
501,Male,1991-06-01,9,3,1,1,25,883,51,51
502,Male,1989-03-01,9,283,66,1,10,2033,38,38
502,Male,1989-03-01,9,283,87,1,10,2033,38,38
502,Male,1989-03-01,9,283,87,1,10,2033,38,38
502,Male,1989-03-01,9,283,63,1,10,2033,38,38
502,Male,1989-03-01,9,283,87,1,10,2033,38,38
502,Male,1989-03-01,9,283,45,1,10,2033,38,38
502,Male,1989-03-01,9,283,128,1,10,2033,110,110
506,Male,1991-01-01,9,9000,87,1,10,2370,38,38
506,Male,1991-01-01,9,9000,87,1,10,2370,38,38
506,Male,1991-01-01,9,9000,20,1,10,2370,40,40
506,Male,1991-01-01,9,9000,108,1,10,2370,38,38
506,Male,1991-01-01,9,9000,7,1,10,2370,38,38
519,Male,1997-12-01,9,9000,219,1,8,8962,77,77
526,Male,1997-08-01,9,9000,185,1,8,8961,61,61
527,Male,1996-03-01,9,9000,180,1,8,1302,38,38
532,Male,1993-09-01,9,3,66,1,11,481,38,38
535,Male,1996-04-01,2,3,58,1,10,1512,38,38
535,Male,1996-04-01,2,3,58,1,10,1512,38,38
535,Male,1996-04-01,2,3,140,1,10,1512,38,38
535,Male,1996-04-01,2,3,108,1,10,1512,38,38
544,Male,1987-04-01,9,9000,66,1,10,2027,38,38
555,Male,1993-04-01,2,3,66,1,25,2471,38,38
555,Male,1993-04-01,2,3,87,1,25,2471,38,38
555,Male,1993-04-01,2,3,87,1,25,2471,38,38
555,Male,1993-04-01,2,3,58,1,25,2471,38,38
557,Male,1991-07-01,9,3,7,1,5,881,38,38
562,Male,1991-04-01,9,3,7,1,5,766,38,38
563,Male,1995-11-01,9000,9000,87,1,8,1148,38,38
563,Male,1995-11-01,9000,9000,58,1,8,1148,38,38
563,Male,1995-11-01,9000,9000,66,1,8,1148,38,38
563,Male,1995-11-01,9000,9000,181,1,8,1148,33,33
563,Male,1995-11-01,9000,9000,26,1,8,1148,38,38
566,Male,1982-03-01,9,9000,22,1,5,972,38,38
612,Male,1990-12-01,9,9000,71,1,10,2348,38,38
612,Male,1990-12-01,9,9000,200,1,10,2348,38,38
612,Male,1990-12-01,9,9000,78,1,10,2348,38,38
617,Male,1993-10-01,2,3,87,1,10,2777,38,38
617,Male,1993-10-01,2,3,87,1,10,2777,38,38
617,Male,1993-10-01,2,3,87,1,10,2777,38,38
617,Male,1993-10-01,2,3,6,1,10,2777,38,38
617,Male,1993-10-01,2,3,34,1,10,2777,38,38
619,Male,2002-02-01,2,3,181,1,8,14088,4,4
619,Male,2002-02-01,2,3,183,1,8,14088,4,4
627,Male,1987-07-01,9,3,7,1,25,1953,38,38
627,Male,1987-07-01,9,3,71,1,25,1953,38,38
639,Male,1990-03-01,9,9000,49,1,25,762,13,13
645,Male,1996-01-01,9,3,58,1,8,1371,38,38
645,Male,1996-01-01,9,3,58,1,8,1371,38,38
645,Male,1996-01-01,9,3,58,1,8,1371,38,38
645,Male,1996-01-01,9,3,108,1,8,1371,38,38
645,Male,1996-01-01,9,3,141,1,8,1371,4,4
647,Male,1996-10-01,9,9000,66,1,25,1160,38,38
650,Male,1990-01-01,9,3,24,1,10,2384,38,38
650,Male,1990-01-01,9,3,108,1,10,2384,38,38
656,Male,1990-04-01,9,3,66,1,113,2148,38,38
656,Male,1990-04-01,9,3,87,1,113,2148,38,38
656,Male,1990-04-01,9,3,87,1,113,2148,38,38
656,Male,1990-04-01,9,3,26,1,113,2148,38,38
677,Male,1996-11-01,9,3,157,1,NULL,3195,4,4
679,Male,1996-06-01,9,3,195,1,25,13483,4,4
690,Male,1993-08-01,2,3,140,1,5,1104,38,38
690,Male,1993-08-01,2,3,140,1,5,1104,38,38
695,Male,1997-01-01,9,3,181,1,8,1557,4,4
697,Male,1991-10-01,9,3,66,1,5,722,38,38
697,Male,1991-10-01,9,3,108,1,5,722,97,97
697,Male,1991-10-01,9,3,45,1,5,722,38,38
724,Male,1989-04-01,9,9000,7,1,5,972,38,38
724,Male,1989-04-01,9,9000,7,1,5,971,38,38
725,Male,1994-10-01,2,3,55,1,25,2877,13,13
725,Male,1994-10-01,2,3,30,1,25,2877,35,35
745,Male,1998-05-01,2,3,108,1,8,9445,77,77
757,Male,1992-12-01,2,3,66,1,8,1308,38,38
757,Male,1992-12-01,2,3,44,1,8,1308,38,38
757,Male,1992-12-01,2,3,6,1,8,1308,38,38
758,Male,1995-11-01,9,3,58,1,8,1391,38,38
758,Male,1995-11-01,9,3,58,1,8,1391,38,38
758,Male,1995-11-01,9,3,58,1,8,1391,38,38
758,Male,1995-11-01,9,3,58,1,8,1391,38,38
774,Male,1989-03-01,2,3,7,1,25,907,38,38
774,Male,1989-03-01,2,3,66,1,25,907,38,38
774,Male,1989-03-01,2,3,66,1,25,907,38,38
774,Male,1989-03-01,2,3,78,1,70,7517,38,38
774,Male,1989-03-01,2,3,88,1,70,7517,10,10
774,Male,1989-03-01,2,3,78,1,70,7517,4,4
774,Male,1989-03-01,2,3,30,1,70,7517,40,40
782,Male,1999-05-01,9,9000,183,1,8,1370,79,79
783,Male,1994-02-01,9,3,87,1,8,1370,38,38
783,Male,1994-02-01,9,3,87,1,8,1370,38,38
783,Male,1994-02-01,9,3,58,1,8,1370,38,38
783,Male,1994-02-01,9,3,138,1,8,1370,19,19
784,Male,1999-01-01,9,3,195,1,8,1730,4,4
784,Male,1999-01-01,9,3,166,1,8,1730,4,4
784,Male,1999-01-01,9,3,185,1,8,1730,34,34
787,Male,1995-02-01,2,3,157,1,70,7515,59,59
787,Male,1995-02-01,2,3,78,1,70,7515,28,28
787,Male,1995-02-01,2,3,78,1,70,7515,1,1
787,Male,1995-02-01,2,3,94,1,70,7515,14,14
787,Male,1995-02-01,2,3,94,1,70,7515,14,14
787,Male,1995-02-01,2,3,78,1,70,7515,97,97
787,Male,1995-02-01,2,3,66,1,25,2643,38,38
787,Male,1995-02-01,2,3,140,1,25,2643,38,38
787,Male,1995-02-01,2,3,111,1,25,2643,110,110
788,Male,1988-09-01,9,9000,87,1,25,2209,38,38
788,Male,1988-09-01,9,9000,109,1,25,2209,38,38
797,Male,1996-01-01,9000,3,141,1,8,1153,115,115
797,Male,1996-01-01,9000,3,66,1,8,1153,38,38
797,Male,1996-01-01,9000,3,58,1,8,1153,38,38
797,Male,1996-01-01,9000,3,58,1,8,1153,38,38
797,Male,1996-01-01,9000,3,195,1,8,1153,35,35
797,Male,1996-01-01,9000,3,195,1,8,1153,38,38
800,Male,1999-03-01,9,3,170,1,8,1204,61,61
804,Male,2001-08-01,2,3,195,1,13,9662,34,34
804,Male,2001-08-01,2,3,189,1,13,9662,34,34
807,Male,1998-03-01,9,3,24,1,13,1528,77,77
807,Male,1998-03-01,9,3,138,1,13,1528,4,4
807,Male,1998-03-01,9,3,108,1,13,1528,4,4
807,Male,1998-03-01,9,3,110,1,13,1528,4,4
820,Male,1995-02-01,2,3,66,1,25,2798,38,38
820,Male,1995-02-01,2,3,66,1,25,2798,38,38
820,Male,1995-02-01,2,3,180,1,25,2798,38,38
820,Male,1995-02-01,2,3,139,1,25,2798,38,38
820,Male,1995-02-01,2,3,110,1,25,2798,38,38
822,Male,1994-09-01,2,3,30,1,63,7518,58,58
822,Male,1994-09-01,2,3,44,1,25,1211,38,38
822,Male,1994-09-01,2,3,58,1,25,1211,38,38
822,Male,1994-09-01,2,3,24,1,25,1211,38,38
840,Male,1992-07-01,9,220,63,1,25,2444,38,38
840,Male,1992-07-01,9,220,87,1,25,2444,38,38
840,Male,1992-07-01,9,220,63,1,25,2444,38,38
840,Male,1992-07-01,9,220,87,1,25,2444,38,38
840,Male,1992-07-01,9,220,87,1,25,2444,38,38
841,Male,1991-12-01,9,9000,55,1,10,2414,13,13
844,Male,1992-06-01,9,3,34,1,10,2642,38,38
844,Male,1992-06-01,9,3,108,1,113,2332,38,38
844,Male,1992-06-01,9,3,47,1,10,2362,35,35
844,Male,1992-06-01,9,3,7,1,5,971,38,38
844,Male,1992-06-01,9,3,120,1,5,970,38,38
844,Male,1992-06-01,9,3,66,1,5,972,38,38
844,Male,1992-06-01,9,3,66,1,5,966,38,38
844,Male,1992-06-01,9,3,7,1,5,968,38,38
844,Male,1992-06-01,9,3,109,1,5,968,38,38
844,Male,1992-06-01,9,3,108,1,5,977,38,38
844,Male,1992-06-01,9,3,27,1,5,977,38,38
844,Male,1992-06-01,9,3,7,1,5,979,38,38
844,Male,1992-06-01,9,3,71,1,5,979,38,38
844,Male,1992-06-01,9,3,71,1,5,981,38,38
844,Male,1992-06-01,9,3,7,1,5,981,38,38
844,Male,1992-06-01,9,3,7,1,5,992,38,38
844,Male,1992-06-01,9,3,7,1,5,993,38,38
844,Male,1992-06-01,9,3,7,1,5,995,38,38
844,Male,1992-06-01,9,3,7,1,10,996,38,38
844,Male,1992-06-01,9,3,7,1,5,997,38,38
844,Male,1992-06-01,9,3,7,1,5,998,38,38
844,Male,1992-06-01,9,3,7,1,5,999,38,38
844,Male,1992-06-01,9,3,109,1,5,999,38,38
844,Male,1992-06-01,9,3,71,1,5,999,38,38
844,Male,1992-06-01,9,3,7,1,5,1000,38,38
844,Male,1992-06-01,9,3,7,1,5,1032,38,38
844,Male,1992-06-01,9,3,7,1,25,907,38,38
844,Male,1992-06-01,9,3,7,1,25,907,38,38
844,Male,1992-06-01,9,3,197,1,10,879,105,105
844,Male,1992-06-01,9,3,108,1,5,910,38,38
844,Male,1992-06-01,9,3,7,1,5,939,38,38
844,Male,1992-06-01,9,3,143,1,5,934,22,22
844,Male,1992-06-01,9,3,108,1,5,917,38,38
844,Male,1992-06-01,9,3,108,1,5,933,38,38
844,Male,1992-06-01,9,3,7,1,5,942,38,38
844,Male,1992-06-01,9,3,66,1,5,940,38,38
844,Male,1992-06-01,9,3,27,1,5,948,31,31
844,Male,1992-06-01,9,3,90,1,5,948,35,35
844,Male,1992-06-01,9,3,108,1,25,958,38,38
844,Male,1992-06-01,9,3,16,1,25,958,13,13
844,Male,1992-06-01,9,3,108,1,5,882,38,38
844,Male,1992-06-01,9,3,109,1,5,882,38,38
844,Male,1992-06-01,9,3,136,1,11,867,22,22
844,Male,1992-06-01,9,3,143,1,5,893,19,19
844,Male,1992-06-01,9,3,109,1,5,850,38,38
844,Male,1992-06-01,9,3,7,1,5,850,38,38
844,Male,1992-06-01,9,3,7,1,25,828,38,38
844,Male,1992-06-01,9,3,7,1,5,823,38,38
844,Male,1992-06-01,9,3,109,1,5,827,38,38
844,Male,1992-06-01,9,3,109,1,5,827,38,38
844,Male,1992-06-01,9,3,1,1,5,832,22,22
844,Male,1992-06-01,9,3,7,1,5,804,38,38
844,Male,1992-06-01,9,3,7,1,5,804,38,38
844,Male,1992-06-01,9,3,1,1,5,724,19,19
844,Male,1992-06-01,9,3,109,1,10,730,38,38
844,Male,1992-06-01,9,3,108,1,5,755,38,38
844,Male,1992-06-01,9,3,7,1,5,757,38,38
844,Male,1992-06-01,9,3,148,1,5,746,38,38
844,Male,1992-06-01,9,3,90,1,25,753,36,36
844,Male,1992-06-01,9,3,108,1,5,733,38,38
844,Male,1992-06-01,9,3,7,1,5,747,38,38
844,Male,1992-06-01,9,3,1,1,25,753,22,22
844,Male,1992-06-01,9,3,7,1,5,776,38,38
844,Male,1992-06-01,9,3,7,1,5,794,38,38
848,Male,1997-06-01,9,3,108,1,8,15327,4,4
850,Male,1998-11-01,2,3,183,1,25,12483,4,4
856,Male,1991-12-01,9,9000,87,1,NULL,3239,38,38
856,Male,1991-12-01,9,9000,87,1,NULL,3239,38,38
856,Male,1991-12-01,9,9000,87,1,NULL,3239,38,38
856,Male,1991-12-01,9,9000,66,1,NULL,3239,38,38
876,Male,1995-06-01,2,3,44,1,13,1447,38,38
892,Male,1994-07-01,9,9000,58,1,10,2787,38,38
892,Male,1994-07-01,9,9000,66,1,10,2787,38,38
892,Male,1994-07-01,9,9000,6,1,10,2787,38,38
894,Male,1992-02-01,9,3,87,1,25,2430,38,38
894,Male,1992-02-01,9,3,66,1,25,2430,38,38
901,Male,1995-06-01,9,3,55,1,71,7524,57,57
901,Male,1995-06-01,9,3,55,1,71,7524,57,57
901,Male,1995-06-01,9,3,78,1,71,7524,97,97
901,Male,1995-06-01,9,3,78,1,71,7524,97,97
901,Male,1995-06-01,9,3,78,1,71,7524,97,97
901,Male,1995-06-01,9,3,78,1,71,7524,97,97
901,Male,1995-06-01,9,3,195,1,25,1539,4,4
908,Unknown,1976-09-01,9,3,111,1,5,933,13,13
910,Male,1994-04-01,2,3,66,1,8,1170,38,38
910,Male,1994-04-01,2,3,66,1,8,1170,38,38
910,Male,1994-04-01,2,3,108,1,8,1170,38,38
910,Male,1994-04-01,2,3,71,1,8,1170,38,38
911,Male,1986-12-01,9,3,16,1,25,2245,13,13
911,Male,1986-12-01,9,3,94,1,25,2245,13,13
911,Male,1986-12-01,9,3,61,1,25,2245,35,35
911,Male,1986-12-01,9,3,78,1,25,2245,38,38
911,Male,1986-12-01,9,3,87,1,25,2245,38,38
911,Male,1986-12-01,9,3,87,1,25,2245,38,38
911,Male,1986-12-01,9,3,26,1,25,2245,38,38
913,Male,1992-09-01,9,9000,87,1,113,2485,38,38
913,Male,1992-09-01,9,9000,66,1,113,2485,38,38
935,Unknown,1993-06-01,9,3,66,1,10,2488,38,38
938,Male,1993-05-01,2,3,87,1,25,2454,38,38
938,Male,1993-05-01,2,3,87,1,25,2454,38,38
938,Male,1993-05-01,2,3,87,1,25,2454,38,38
938,Male,1993-05-01,2,3,87,1,25,2454,38,38
938,Male,1993-05-01,2,3,20,1,25,2454,38,38
942,Male,1993-12-01,9,212,108,1,5,2824,38,38
952,Male,1972-02-01,9,3,87,1,10,2434,38,38
952,Male,1972-02-01,9,3,66,1,10,2434,38,38
959,Male,1968-11-01,9,3,78,1,25,2101,38,38
959,Male,1968-11-01,9,3,7,1,25,2101,38,38
959,Male,1968-11-01,9,3,16,1,25,2101,13,13
959,Male,1968-11-01,9,3,17,1,25,2101,13,13
963,Male,1985-09-01,8,345,108,1,5,1126,38,38
977,Unknown,1988-05-01,9,250,53,1,25,2134,38,38
977,Unknown,1988-05-01,9,250,66,1,25,2134,38,38
977,Unknown,1988-05-01,9,250,66,1,25,2134,38,38
977,Unknown,1988-05-01,9,250,66,1,25,2134,38,38
977,Unknown,1988-05-01,9,250,87,1,25,2134,38,38
977,Unknown,1988-05-01,9,250,6,1,25,2134,38,38
991,Unknown,1968-10-01,9000,270,24,1,25,2168,38,38
995,Male,1984-03-01,2,3,87,1,25,2184,38,38
1002,Male,1988-11-01,2,3,7,1,5,886,38,38
1017,Male,1968-12-01,9,3,16,1,25,2291,13,13
1020,Male,1967-11-01,9,3,16,1,25,2239,13,13
1029,Male,1972-10-01,9,424,70,1,10,2229,19,19
1029,Male,1972-10-01,9,424,16,1,10,2229,13,13
1029,Male,1972-10-01,9,424,17,1,10,2229,13,13
1034,Male,1972-08-01,2,3,108,1,10,2174,38,38
1042,Male,1972-09-01,1,3,87,1,11,95,38,38
1042,Male,1972-09-01,1,3,87,1,11,95,38,38
1045,Male,1969-11-01,9,3,108,1,5,857,38,38
1045,Male,1969-11-01,9,3,7,1,5,857,38,38
1045,Male,1969-11-01,9,3,11,1,5,857,38,38
1050,Male,1970-05-01,9,112,11,1,10,2118,22,22
1051,Male,1974-11-01,9,9000,78,1,10,1858,38,38
1051,Male,1974-11-01,9,9000,78,1,10,1858,38,38
1051,Male,1974-11-01,9,9000,200,1,10,1858,38,38
1068,Male,1978-11-01,9,3,108,1,10,2289,38,38
1069,Male,1987-11-01,9,3,7,1,5,932,38,38
1085,Male,1977-09-01,9000,424,66,1,25,2192,38,38
1085,Male,1977-09-01,9000,424,66,1,25,2192,38,38
1085,Male,1977-09-01,9000,424,6,1,25,2192,38,38
1085,Male,1977-09-01,9000,424,63,1,25,2192,38,38
1085,Male,1977-09-01,9000,424,78,1,25,2192,38,38
1102,Male,1983-06-01,9,9000,2,1,10,2203,22,22
1108,Male,1967-05-01,9,9000,53,1,10,2213,38,38
1120,Female,1979-10-01,9,97,191,1,10,2232,38,38
1131,Male,1972-04-01,9000,424,6,1,25,2870,38,38
1137,Male,1986-08-01,9000,277,66,1,113,2243,38,38
1137,Male,1986-08-01,9000,277,66,1,113,2243,38,38
1137,Male,1986-08-01,9000,277,16,1,113,2243,13,13
1147,Male,1981-04-01,9,283,87,1,126,2274,38,38
1147,Male,1981-04-01,9,283,87,1,126,2274,38,38
1147,Male,1981-04-01,9,283,87,1,126,2274,38,38
1147,Male,1981-04-01,9,283,6,1,126,2274,38,38
1147,Male,1981-04-01,9,283,7,1,126,2274,38,38
1149,Male,1989-09-01,9,9000,53,1,11,2270,38,38
1157,Male,1989-08-01,2,3,24,1,5,12193,38,38
1164,Male,1971-05-01,9000,270,78,1,126,2258,38,38
1170,Male,1969-04-01,9,3,71,1,10,2288,38,38
1170,Male,1969-04-01,9,3,108,1,10,2288,9,9
1170,Male,1969-04-01,9,3,16,1,10,2288,13,13
1170,Male,1969-04-01,9,3,11,1,10,2288,22,22
1174,Male,1969-12-01,9,9000,24,1,25,2297,38,38
1176,Male,1976-04-01,2,3,66,1,5,767,38,38
1176,Male,1976-04-01,2,3,26,1,5,767,38,38
1176,Male,1976-04-01,2,3,7,1,5,767,38,38
1176,Male,1976-04-01,2,3,24,1,5,767,38,38
1176,Male,1976-04-01,2,3,2,1,5,10283,22,22
1177,Male,1962-09-01,9,3,108,1,10,2299,38,38
1187,Male,1974-03-01,9,3,53,1,10,2285,38,38
1188,Male,1989-02-01,9,3,7,1,5,773,38,38
1188,Male,1989-02-01,9,3,26,1,5,773,38,38
1188,Male,1989-02-01,9,3,24,1,5,773,38,38
1191,Male,1978-10-01,2,9000,44,1,25,780,38,38
1191,Male,1978-10-01,2,9000,34,1,25,780,38,38
1191,Male,1978-10-01,2,9000,7,1,25,780,38,38
1191,Male,1978-10-01,2,9000,66,1,25,780,38,38
1191,Male,1978-10-01,2,9000,87,1,25,780,38,38
1191,Male,1978-10-01,2,9000,87,1,25,780,38,38
1191,Male,1978-10-01,2,9000,87,1,25,780,38,38
1191,Male,1978-10-01,2,9000,87,1,25,780,38,38
1193,Male,1982-02-01,3,3,22,1,105,632,115,115
1193,Male,1982-02-01,3,3,205,1,105,632,10,10
1193,Male,1982-02-01,3,3,108,1,105,632,38,38
1205,Male,1984-04-01,2,3,66,1,10,779,38,38
1205,Male,1984-04-01,2,3,66,1,10,779,38,38
1205,Male,1984-04-01,2,3,109,1,10,779,38,38
1215,Male,1985-03-01,9000,424,7,1,5,975,38,38
1215,Male,1985-03-01,9000,424,24,1,5,975,38,38
1216,Male,1987-03-01,9000,250,204,1,105,2302,38,38
1221,Male,1974-03-01,9,188,109,1,10,2159,66,66
1221,Male,1974-03-01,9,188,108,1,10,2159,38,38
1221,Male,1974-03-01,9,188,191,1,10,2159,9,9
1223,Unknown,1969-03-01,9,277,197,1,10,2153,22,22
1223,Unknown,1969-03-01,9,277,45,1,10,2153,22,22
1225,Male,1971-11-01,2,9000,104,1,10,2146,115,115
1236,Male,1958-01-01,9,3,191,1,25,2233,38,38
1241,Male,1974-03-01,9,112,66,1,10,1898,38,38
1261,Male,1986-04-01,9000,6,66,1,5,540,38,38
1261,Male,1986-04-01,9000,6,127,1,5,540,38,38
1267,Male,1978-12-01,9,3,108,1,5,770,38,38
1267,Male,1978-12-01,9,3,45,1,5,770,38,38
1267,Male,1978-12-01,9,3,34,1,5,770,38,38
1268,Male,1980-05-01,9,9000,87,1,10,2283,38,38
1268,Male,1980-05-01,9,9000,44,1,10,2283,38,38
1268,Male,1980-05-01,9,9000,87,1,10,2283,38,38
1268,Male,1980-05-01,9,9000,87,1,10,2283,38,38
1268,Male,1980-05-01,9,9000,87,1,10,2283,38,38
1268,Male,1980-05-01,9,9000,197,1,10,2283,24,24
1268,Male,1980-05-01,9,9000,49,1,10,2283,13,13
1268,Male,1980-05-01,9,9000,17,1,10,2283,13,13
1268,Male,1980-05-01,9,9000,18,1,10,2283,14,14
1268,Male,1980-05-01,9,9000,5,1,10,2283,17,17
1268,Male,1980-05-01,9,9000,90,1,10,2283,35,35
1268,Male,1980-05-01,9,9000,17,1,10,2283,13,13
1276,Male,1972-01-01,9,9000,209,1,5,1031,38,38
1276,Male,1972-01-01,9,9000,60,1,5,1031,38,38
1278,Male,1981-06-01,2,3,24,1,5,803,38,38
1282,Male,1968-01-01,3,3,36,1,10,2358,35,35
1290,Male,1986-06-01,9,288,65,1,33,2223,19,19
1290,Male,1986-06-01,9,288,105,1,33,2223,19,19
1290,Male,1986-06-01,9,288,136,1,33,2223,19,19
1290,Male,1986-06-01,9,288,17,1,33,2223,25,25
1290,Male,1986-06-01,9,288,132,1,33,2223,23,23
1298,Male,1968-04-01,9,3,45,1,10,2009,38,38
1300,Male,1961-04-01,9,9000,120,1,25,2026,38,38
1300,Male,1961-04-01,9,9000,78,1,25,2026,38,38
1300,Male,1961-04-01,9,9000,66,1,25,2026,38,38
1300,Male,1961-04-01,9,9000,87,1,25,2026,38,38
1300,Male,1961-04-01,9,9000,66,1,25,2026,38,38
1300,Male,1961-04-01,9,9000,87,1,25,2026,38,38
1300,Male,1961-04-01,9,9000,26,1,25,2026,38,38
1300,Male,1961-04-01,9,9000,24,1,25,2026,38,38
1300,Male,1961-04-01,9,9000,2,1,25,2026,23,23
1316,Male,1976-08-01,2,3,87,1,10,1929,38,38
1316,Male,1976-08-01,2,3,44,1,10,1929,38,38
1316,Male,1976-08-01,2,3,87,1,10,1929,38,38
1316,Male,1976-08-01,2,3,87,1,10,1929,38,38
1319,Male,1955-10-01,9,3,204,1,25,1881,38,38
1328,Male,1974-04-01,2,3,136,1,10,2182,22,22
1328,Male,1974-04-01,2,3,16,1,10,2182,13,13
1331,Male,1986-11-01,9,9000,87,1,10,2327,38,38
1331,Male,1986-11-01,9,9000,66,1,10,2327,38,38
1331,Male,1986-11-01,9,9000,66,1,10,2327,38,38
1331,Male,1986-11-01,9,9000,108,1,10,2327,38,38
1333,Male,1985-03-01,9000,9000,7,1,5,978,38,38
1335,Male,1992-01-01,9,3,20,1,25,2412,35,35
1336,Male,1990-07-01,9,283,7,1,5,916,38,38
1336,Male,1990-07-01,9,283,108,1,5,916,38,38
1337,Male,1977-04-01,9,3,7,1,5,855,38,38
1337,Male,1977-04-01,9,3,108,1,5,855,38,38
1339,Male,1987-01-01,9,9000,78,1,10,2171,38,38
1341,Male,1972-11-01,2,3,108,1,25,3371,38,38
1341,Male,1972-11-01,2,3,110,1,25,3371,38,38
1343,Male,1968-07-01,9,9000,108,1,25,2098,38,38
1343,Male,1968-07-01,9,9000,2,1,25,2098,22,22
1349,Male,1991-09-01,9,3,45,1,10,2377,38,38
1349,Male,1991-09-01,9,3,89,1,10,2377,35,35
1351,Male,1989-05-01,9,3,7,1,5,983,38,38
1351,Male,1989-05-01,9,3,66,1,5,983,38,38
1351,Male,1989-05-01,9,3,66,1,5,983,38,38
1374,Male,1967-05-01,9,3,2,1,10,1890,19,19
1374,Male,1967-05-01,9,3,16,1,10,1890,13,13
1379,Male,1971-01-01,9,9000,7,1,5,830,38,38
1379,Male,1971-01-01,9,9000,87,1,5,830,38,38
1379,Male,1971-01-01,9,9000,87,1,5,830,38,38
1379,Male,1971-01-01,9,9000,87,1,5,830,38,38
1379,Male,1971-01-01,9,9000,66,1,5,830,38,38
1382,Male,1982-01-01,9,415,108,1,5,913,38,38
1382,Male,1982-01-01,9,415,109,1,5,913,38,38
1382,Male,1982-01-01,9,415,7,1,5,913,38,38
1382,Male,1982-01-01,9,415,49,1,5,913,35,35
1383,Male,1974-12-01,9,285,7,1,5,1037,38,38
1383,Male,1974-12-01,9,285,2,1,5,1037,22,22
1385,Male,1977-04-01,9,3,7,1,5,884,97,97
1404,Male,1986-07-01,2,3,7,1,5,974,38,38
1411,Male,1991-11-01,2,3,87,1,25,2390,38,38
1411,Male,1991-11-01,2,3,87,1,25,2390,38,38
1411,Male,1991-11-01,2,3,87,1,25,2390,38,38
1411,Male,1991-11-01,2,3,87,1,25,2390,38,38
1411,Male,1991-11-01,2,3,87,1,25,2390,38,38
1411,Male,1991-11-01,2,3,45,1,25,2390,38,38
1411,Male,1991-11-01,2,3,200,1,25,2390,38,38
1414,Male,1991-10-01,9,9000,197,1,11,9022,14,14
1418,Male,1992-07-01,9,9000,66,1,113,2422,38,38
1418,Male,1992-07-01,9,9000,24,1,113,2422,38,38
1424,Male,1985-09-01,9,9000,66,1,10,2014,38,38
1424,Male,1985-09-01,9,9000,87,1,10,2014,38,38
1425,Male,1980-05-01,9,9000,66,1,126,1992,38,38
1425,Male,1980-05-01,9,9000,16,1,126,1992,13,13
1429,Male,1978-01-01,9,176,24,1,10,1994,38,38
1443,Male,1991-08-01,9,3,120,1,5,844,51,51
1443,Male,1991-08-01,9,3,7,1,5,844,38,38
1443,Male,1991-08-01,9,3,26,1,5,844,38,38
1444,Male,1975-08-01,9,3,23,1,10,2366,77,77
1450,Male,1983-08-01,9,3,87,1,113,2328,38,38
1450,Male,1983-08-01,9,3,66,1,113,2328,38,38
1450,Male,1983-08-01,9,3,127,1,113,2328,38,38
1454,Male,1971-08-01,9,9000,53,1,25,2418,38,38
1460,Male,1992-05-01,9,3,45,1,10,2403,38,38
1468,Male,1988-05-01,2,3,108,1,25,753,38,38
1468,Male,1988-05-01,2,3,7,1,25,753,38,38
1468,Male,1988-05-01,2,3,17,1,25,753,36,36
1482,Male,1990-09-01,9,3,66,1,10,2385,39,39
1484,Male,1992-12-01,9,9000,110,1,5,765,38,38
1513,Male,1967-09-01,9000,11,136,1,25,2037,110,110
1516,Male,1962-08-01,2,9000,197,1,25,2212,24,24
1519,Male,1988-05-01,9000,3,108,1,25,840,38,38
1522,Male,1991-05-01,9,416,7,1,5,959,38,38
1522,Male,1991-05-01,9,416,44,1,5,959,38,38
1522,Male,1991-05-01,9,416,24,1,5,959,38,38
1522,Male,1991-05-01,9,416,108,1,5,959,38,38
1522,Male,1991-05-01,9,416,108,1,5,959,38,38
1524,Male,1976-06-01,9,9000,200,1,10,2077,38,38
1524,Male,1976-06-01,9,9000,16,1,10,2077,13,13
1524,Male,1976-06-01,9,9000,197,1,10,2077,24,24
1526,Male,1987-04-01,9,3,7,1,NULL,3420,38,38
1530,Male,1975-01-01,9,3,24,1,5,8229,38,38
1530,Male,1975-01-01,9,3,108,1,5,8229,38,38
1532,Male,1990-07-01,9,9000,6,1,25,2368,38,38
1534,Male,1990-02-01,9,3,66,1,10,2372,38,38
1546,Male,1977-03-01,9,3,16,1,25,1907,13,13
1554,Male,1970-12-01,2,3,143,1,126,3425,113,113
1554,Male,1970-12-01,2,3,198,1,126,3425,14,14
1554,Male,1970-12-01,2,3,16,1,126,3425,13,13
1568,Male,1991-05-01,9,3,45,1,10,2400,38,38
1577,Male,1987-09-01,9,69,7,1,5,988,38,38
1580,Male,1969-12-01,9,188,60,1,25,2206,28,28
1580,Male,1969-12-01,9,188,7,1,25,2206,28,28
1580,Male,1969-12-01,9,188,197,1,25,2206,24,24
1582,Male,1983-07-01,9,9000,87,1,10,1925,38,38
1582,Male,1983-07-01,9,9000,87,1,10,1925,38,38
1582,Male,1983-07-01,9,9000,87,1,10,1925,38,38
1582,Male,1983-07-01,9,9000,23,1,10,1925,38,38
1582,Male,1983-07-01,9,9000,200,1,10,1925,38,38
1582,Male,1983-07-01,9,9000,66,1,10,1925,38,38
1583,Male,1983-12-01,9000,3,196,1,25,9477,44,44
1589,Male,1974-10-01,9,416,191,1,25,1903,38,38
1598,Male,1956-08-01,9000,9000,191,1,25,2065,38,38
1600,Male,1960-01-01,9000,3,191,1,10,2058,38,38
1601,Male,1960-11-01,9,3,60,1,5,746,9,9
1602,Male,1965-02-01,9,3,139,1,10,1922,37,37
1618,Male,1959-09-01,9000,283,136,1,10,2023,22,22
1618,Male,1959-09-01,9000,283,16,1,10,2023,13,13
1623,Male,1988-08-01,9000,277,60,1,25,2064,31,31
1623,Male,1988-08-01,9000,277,45,1,25,2064,38,38
1624,Male,1988-06-01,9000,258,66,1,10,2076,38,38
1624,Male,1988-06-01,9000,258,34,1,10,2076,38,38
1624,Male,1988-06-01,9000,258,7,1,10,2076,38,38
1624,Male,1988-06-01,9000,258,24,1,10,2076,38,38
1634,Male,1967-10-01,2,3,16,1,10,2114,13,13
1634,Male,1967-10-01,2,3,94,1,10,2114,13,13
1634,Male,1967-10-01,2,3,136,1,10,2114,19,19
1634,Male,1967-10-01,2,3,47,1,10,2114,4,4
1635,Male,1976-06-01,9,9000,7,1,5,942,38,38
1639,Male,1984-08-01,9,260,92,1,5,775,12,12
1639,Male,1984-08-01,9,260,7,1,5,775,38,38
1641,Male,1984-10-01,9,9000,87,1,11,613,38,38
1643,Male,1982-09-01,9000,285,1,1,10,1988,22,22
1643,Male,1982-09-01,9000,285,53,1,10,1988,38,38
1643,Male,1982-09-01,9000,285,10,1,10,1988,38,38
1646,Male,1986-01-01,9000,5,26,1,5,785,38,38
1646,Male,1986-01-01,9000,5,7,1,5,785,38,38
1668,Male,1985-04-01,9,416,7,1,10,1948,38,38
1668,Male,1985-04-01,9,416,209,1,10,1948,38,38
1669,Male,1977-02-01,2,3,30,1,10,1950,35,35
1669,Male,1977-02-01,2,3,136,1,10,1950,21,21
1674,Male,1981-06-01,9,3,53,1,10,2021,38,38
1675,Male,1957-09-01,9000,3,78,1,25,2022,38,38
1675,Male,1957-09-01,9000,3,53,1,25,2022,38,38
1676,Male,1974-07-01,9,9000,53,1,126,1941,38,38
1676,Male,1974-07-01,9,9000,16,1,126,1941,13,13
1691,Male,1974-01-01,9,3,23,1,10,1982,38,38
1696,Female,1983-06-01,9,416,16,1,113,2205,13,13
1696,Female,1983-06-01,9,416,66,1,113,2205,38,38
1696,Female,1983-06-01,9,416,108,1,113,2205,38,38
1710,Male,1971-05-01,2,3,66,1,5,731,38,38
1710,Male,1971-05-01,2,3,87,1,5,731,38,38
1710,Male,1971-05-01,2,3,87,1,5,731,38,38
1712,Male,1967-04-01,3,9000,110,1,10,1984,38,38
1718,Male,1981-11-01,9,3,90,1,5,977,38,38
1724,Male,1981-05-01,2,3,108,1,105,2044,38,38
1724,Male,1981-05-01,2,3,45,1,105,2044,38,38
1724,Male,1981-05-01,2,3,71,1,105,2044,38,38
1726,Male,1984-07-01,2,9000,11,1,10,2067,23,23
1729,Male,1973-06-01,9,9000,78,1,10,2052,38,38
1733,Male,1988-10-01,9,3,87,1,10,2086,38,38
1733,Male,1988-10-01,9,3,87,1,10,2086,38,38
1733,Male,1988-10-01,9,3,87,1,10,2086,38,38
1733,Male,1988-10-01,9,3,30,1,10,2086,35,35
1733,Male,1988-10-01,9,3,111,1,10,2086,13,13
1733,Male,1988-10-01,9,3,108,1,10,2086,38,38
1733,Male,1988-10-01,9,3,216,1,25,9236,9,9
1733,Male,1988-10-01,9,3,108,1,25,9236,38,38
1740,Male,1983-11-01,9,3,87,1,10,2069,38,38
1740,Male,1983-11-01,9,3,87,1,10,2069,38,38
1740,Male,1983-11-01,9,3,87,1,10,2069,38,38
1740,Male,1983-11-01,9,3,87,1,10,2069,38,38
1740,Male,1983-11-01,9,3,27,1,10,2069,38,38
1743,Male,1973-11-01,9,3,26,1,10,1932,38,38
1756,Male,1988-12-01,9,3,87,1,10,1900,38,38
1756,Male,1988-12-01,9,3,7,1,10,1900,38,38
1762,Male,1975-07-01,9,9000,24,1,25,2094,38,38
1762,Male,1975-07-01,9,9000,60,1,25,2094,4,4
1762,Male,1975-07-01,9,9000,197,1,25,2094,24,24
1762,Male,1975-07-01,9,9000,16,1,25,2094,13,13
1762,Male,1975-07-01,9,9000,94,1,25,2094,13,13
1762,Male,1975-07-01,9,9000,26,1,25,2094,28,28
1770,Male,1980-01-01,9,277,136,1,10,1885,19,19
1770,Male,1980-01-01,9,277,16,1,10,1885,13,13
1770,Male,1980-01-01,9,277,69,1,10,1885,9,9
1781,Male,1983-09-01,9000,264,87,1,11,2054,38,38
1786,Male,1975-11-01,2,3,17,1,10,1975,105,105
1792,Male,1966-01-01,9,3,11,1,25,1947,17,17
1792,Male,1966-01-01,9,3,108,1,25,1947,38,38
1792,Male,1966-01-01,9,3,190,1,25,1947,9,9
1792,Male,1966-01-01,9,3,16,1,25,1947,13,13
1802,Male,1974-08-01,9,3,78,1,10,1976,38,38
1804,Male,1971-11-01,9,9000,35,1,126,2024,13,13
1805,Male,1972-02-01,9,3,66,1,5,1034,38,38
1817,Male,1975-08-01,9000,9000,45,1,126,2043,115,115
1830,Male,1984-02-01,9000,9000,24,1,25,1859,38,38
1830,Male,1984-02-01,9000,9000,24,1,25,1859,38,38
1833,Male,1978-04-01,9,9000,53,1,25,1886,38,38
1835,Male,1964-08-01,9,9000,23,1,25,1999,38,38
1835,Male,1964-08-01,9,9000,23,1,25,1999,38,38
1835,Male,1964-08-01,9,9000,200,1,25,1999,38,38
1839,Male,1966-05-01,9,3,197,1,10,1860,24,24
1839,Male,1966-05-01,9,3,132,1,10,1860,23,23
1839,Male,1966-05-01,9,3,16,1,10,1860,13,13
1839,Male,1966-05-01,9,3,23,1,10,1860,38,38
1839,Male,1966-05-01,9,3,197,1,10,1860,24,24
1845,Male,1974-10-01,2,9000,87,1,25,2002,38,38
1845,Male,1974-10-01,2,9000,87,1,25,2002,38,38
1845,Male,1974-10-01,2,9000,87,1,25,2002,38,38
1845,Male,1974-10-01,2,9000,66,1,25,2002,38,38
1845,Male,1974-10-01,2,9000,66,1,25,2002,38,38
1845,Male,1974-10-01,2,9000,110,1,25,2002,38,38
1847,Male,1974-07-01,9,3,66,1,25,1189,38,38
1847,Male,1974-07-01,9,3,87,1,25,1189,38,38
1847,Male,1974-07-01,9,3,7,1,25,1189,38,38
1847,Male,1974-07-01,9,3,10,1,25,1189,9,9
1847,Male,1974-07-01,9,3,115,1,25,1189,43,43
1850,Female,1980-01-01,9000,9000,11,1,126,2109,31,31
1852,Male,1981-05-01,9,3,87,1,10,2075,38,38
1863,Male,1967-07-01,2,3,7,1,5,893,38,38
1863,Male,1967-07-01,2,3,108,1,5,893,38,38
1863,Male,1967-07-01,2,3,60,1,5,893,9,9
1888,Male,1990-04-01,9000,9000,16,1,10,2538,13,13
1888,Male,1990-04-01,9000,9000,94,1,10,2538,13,13
1888,Male,1990-04-01,9000,9000,71,1,10,2538,38,38
1890,Male,1995-10-01,2,3,180,1,25,1349,38,38
1892,Male,1995-05-01,2,3,87,1,10,2813,38,38
1903,Male,1982-11-01,9,3,1,1,5,771,19,19
1911,Male,1998-12-01,9,9000,71,1,8,13641,103,103
1914,Male,1959-07-01,9,3,53,1,25,2451,38,38
1938,Male,1984-01-01,9,283,24,1,10,2779,38,38
1938,Male,1984-01-01,9,283,108,1,10,2779,38,38
1942,Male,1990-11-01,9,9000,111,1,25,2275,13,13
1942,Male,1990-11-01,9,9000,37,1,25,2275,4,4
1942,Male,1990-11-01,9,9000,5,1,25,2275,14,14
1942,Male,1990-11-01,9,9000,91,1,25,2275,38,38
1942,Male,1990-11-01,9,9000,87,1,25,2275,38,38
1942,Male,1990-11-01,9,9000,44,1,25,2275,38,38
1942,Male,1990-11-01,9,9000,45,1,25,2275,38,38
1942,Male,1990-11-01,9,9000,128,1,25,2275,13,13
1945,Male,1989-12-01,9,3,148,1,10,730,31,31
1960,Male,1991-06-01,2,3,44,1,10,2464,38,38
1960,Male,1991-06-01,2,3,87,1,10,2464,38,38
1981,Male,1991-11-01,9,3,78,1,71,7530,40,40
1981,Male,1991-11-01,9,3,36,1,71,7530,35,35
1981,Male,1991-11-01,9,3,5,1,71,7530,17,17
1981,Male,1991-11-01,9,3,30,1,71,7530,58,58
1983,Male,1987-03-01,9,3,7,1,5,825,38,38
1983,Male,1987-03-01,9,3,87,1,5,825,38,38
1983,Male,1987-03-01,9,3,44,1,5,825,38,38
1988,Male,1992-06-01,9,3,24,1,5,788,38,38
1988,Male,1992-06-01,9,3,108,1,5,788,38,38
2002,Male,1983-02-01,9,3,53,1,10,2479,38,38
2002,Male,1983-02-01,9,3,78,1,10,2479,38,38
2002,Male,1983-02-01,9,3,16,1,10,2479,13,13
2005,Male,1987-11-01,9,3,7,1,5,783,38,38
2007,Male,1963-06-01,3,3,7,1,5,1038,38,38
2017,Male,1991-03-01,9,9000,7,1,5,973,38,38
2018,Male,1957-12-01,3,3,191,1,25,2483,38,38
2018,Male,1957-12-01,3,3,60,1,25,2483,31,31
2018,Male,1957-12-01,3,3,11,1,25,2483,22,22
2025,Male,1971-01-01,3,9000,114,1,11,680,104,104
2025,Male,1971-01-01,3,9000,78,1,11,680,113,113
2026,Female,1986-11-01,9,3,26,1,5,899,28,28
2026,Female,1986-11-01,9,3,108,1,5,899,38,38
2036,Male,1993-02-01,9000,32,7,1,5,735,97,97
2038,Male,1984-06-01,9,3,87,1,25,2489,38,38
2053,Male,1972-05-01,3,156,66,1,10,2493,38,38
2053,Male,1972-05-01,3,156,66,1,10,2493,38,38
2053,Male,1972-05-01,3,156,87,1,10,2493,38,38
2053,Male,1972-05-01,3,156,87,1,10,2493,38,38
2053,Male,1972-05-01,3,156,87,1,10,2493,38,38
2053,Male,1972-05-01,3,156,87,1,10,2493,38,38
2053,Male,1972-05-01,3,156,60,1,5,8228,33,33
2053,Male,1972-05-01,3,156,7,1,5,8228,17,17
2058,Male,1993-07-01,9000,283,78,1,13,2496,38,38
2081,Male,1996-03-01,9,3,58,1,13,3550,38,38
2081,Male,1996-03-01,9,3,58,1,13,3550,38,38
2084,Male,1991-01-01,2,3,66,1,11,2506,38,38
2084,Male,1991-01-01,2,3,108,1,11,2506,38,38
2087,Male,1986-09-01,9,3,108,1,5,815,38,38
2106,Male,1995-11-01,2,9000,108,1,25,2901,38,38
2110,Male,1989-08-01,9,3,7,1,5,877,38,38
2110,Male,1989-08-01,9,3,7,1,5,877,38,38
2110,Male,1989-08-01,9,3,109,1,5,877,38,38
2114,Male,1993-04-01,9,3,87,1,10,2515,38,38
2114,Male,1993-04-01,9,3,23,1,10,2515,38,38
2114,Male,1993-04-01,9,3,87,1,10,2515,38,38
2114,Male,1993-04-01,9,3,109,1,10,2515,38,38
2122,Male,1993-09-01,9,9000,87,1,10,2519,38,38
2122,Male,1993-09-01,9,9000,66,1,10,2519,38,38
2122,Male,1993-09-01,9,9000,16,1,10,2519,13,13
2126,Male,1992-11-01,9,3,7,1,5,760,38,38
2127,Male,1995-12-01,9,3,10,1,10,2650,9,9
2127,Male,1995-12-01,9,3,189,1,10,2650,4,4
2128,Male,1997-07-01,2,9000,58,1,10,3567,38,38
2128,Male,1997-07-01,2,9000,202,1,10,3567,38,38
2130,Male,1998-08-01,9,3,179,1,NULL,3569,38,38
2132,Male,1999-07-01,9,3,183,1,13,1451,77,77
2138,Female,1997-02-01,9,283,55,1,13,1829,23,23
2138,Female,1997-02-01,9,283,55,1,13,1829,12,12
2138,Female,1997-02-01,9,283,138,1,13,1829,103,103
2146,Male,1998-11-01,2,3,173,1,8,1693,4,4
2148,Male,1983-10-01,9,3,108,1,10,2523,38,38
2148,Male,1983-10-01,9,3,11,1,10,2523,23,23
2148,Male,1983-10-01,9,3,87,1,10,2523,38,38
2148,Male,1983-10-01,9,3,87,1,10,2523,38,38
2148,Male,1983-10-01,9,3,94,1,10,2523,13,13
2149,Male,1994-08-01,9,3,58,1,10,2524,38,38
2149,Male,1994-08-01,9,3,58,1,10,2524,38,38
2149,Male,1994-08-01,9,3,87,1,10,2524,38,38
2149,Male,1994-08-01,9,3,45,1,10,2524,38,38
2154,Male,1997-02-01,9,283,108,1,13,1193,93,93
2157,Male,1991-08-01,9000,3,66,1,25,2383,38,38
2157,Male,1991-08-01,9000,3,63,1,25,2383,38,38
2157,Male,1991-08-01,9000,3,63,1,25,2383,38,38
2157,Male,1991-08-01,9000,3,63,1,25,2383,38,38
2157,Male,1991-08-01,9000,3,108,1,25,2383,38,38
2157,Male,1991-08-01,9000,3,45,1,25,2383,38,38
2158,Male,1978-02-01,1,3,24,1,10,2529,38,38
2168,Male,1996-06-01,9,3,108,1,13,1380,34,34
2168,Male,1996-06-01,9,3,148,1,13,1380,34,34
2174,Male,1987-10-01,9,260,108,1,5,832,38,38
2178,Male,1993-03-01,9,3,87,1,10,2893,38,38
2178,Male,1993-03-01,9,3,87,1,10,2893,38,38
2178,Male,1993-03-01,9,3,87,1,10,2893,38,38
2178,Male,1993-03-01,9,3,58,1,10,2893,38,38
2181,Male,1995-07-01,2,3,108,1,10,2849,38,38
2189,Male,1973-09-01,2,3,219,1,5,987,38,38
2191,Male,1993-09-01,9,9000,108,1,25,2534,38,38
2205,Male,1999-01-01,2,3,108,1,13,1796,4,4
2207,Male,1988-03-01,9,3,108,1,5,860,38,38
2207,Male,1988-03-01,9,3,24,1,5,860,38,38
2211,Male,1991-04-01,9,3,7,1,5,764,38,38
2211,Male,1991-04-01,9,3,108,1,5,764,38,38
2227,Male,1998-08-01,2,3,108,1,13,9664,4,4
2230,Male,1993-07-01,9,9000,7,1,5,890,38,38
2231,Male,1995-05-01,9,9000,66,1,8,1143,38,38
2231,Male,1995-05-01,9,9000,58,1,8,1143,38,38
2231,Male,1995-05-01,9,9000,58,1,8,1143,38,38
2231,Male,1995-05-01,9,9000,58,1,8,1143,38,38
2231,Male,1995-05-01,9,9000,140,1,8,1143,38,38
2238,Male,1991-08-01,9000,3,71,1,10,2518,38,38
2238,Male,1991-08-01,9000,3,24,1,10,2518,38,38
2241,Male,1990-02-01,9000,7,108,1,5,1032,38,38
2241,Male,1990-02-01,9000,7,108,1,5,1032,38,38
2241,Male,1990-02-01,9000,7,66,1,5,1032,38,38
2245,Male,1990-04-01,9000,416,7,1,113,2468,38,38
2249,Male,1994-08-01,9,3,58,1,13,1342,38,38
2258,Male,1993-07-01,9,3,45,1,5,802,38,38
2260,Male,1992-02-01,9,9000,66,1,5,1331,38,38
2260,Male,1992-02-01,9,9000,66,1,5,1331,38,38
2260,Male,1992-02-01,9,9000,34,1,5,1331,33,33
2260,Male,1992-02-01,9,9000,108,1,5,1331,38,38
2302,Male,1980-03-01,9000,3,78,1,5,896,43,43
2304,Male,1972-11-01,9,416,71,1,10,2484,28,28
2309,Male,1985-07-01,9,3,78,1,25,2510,38,38
2309,Male,1985-07-01,9,3,63,1,25,2510,38,38
2314,Male,1974-05-01,9000,424,45,1,NULL,3609,38,38
2314,Male,1974-05-01,9000,424,108,1,NULL,3609,38,38
2314,Male,1974-05-01,9000,424,6,1,NULL,3609,38,38
2317,Male,1990-03-01,2,3,109,1,11,867,51,51
2317,Male,1990-03-01,2,3,108,1,11,867,38,38
2321,Male,1995-12-01,2,3,61,1,5,1075,36,36
2321,Male,1995-12-01,2,3,1,1,5,1075,22,22
2341,Male,1984-02-01,2,3,7,1,5,789,38,38
2359,Male,2000-12-01,9000,3,173,1,13,9269,4,4
2366,Male,2001-01-01,2,3,148,1,13,9768,4,4
2374,Male,1991-09-01,9,3,7,1,5,934,38,38
2379,Male,1996-05-01,9000,3,66,1,8,1214,38,38
2382,Male,1991-12-01,9000,283,16,1,5,772,13,13
2382,Male,1991-12-01,9000,283,108,1,5,772,38,38
2382,Male,1991-12-01,9000,283,87,1,5,772,38,38
2382,Male,1991-12-01,9000,283,87,1,5,772,38,38
2382,Male,1991-12-01,9000,283,30,1,5,772,35,35
2382,Male,1991-12-01,9000,283,34,1,5,772,38,38
2382,Male,1991-12-01,9000,283,108,1,5,772,38,38
2387,Male,1967-08-01,2,3,17,1,5,925,105,105
2387,Male,1967-08-01,2,3,16,1,5,925,68,68
2396,Male,1995-02-01,2,3,58,1,10,2623,38,38
2396,Male,1995-02-01,2,3,58,1,10,2623,38,38
2396,Male,1995-02-01,2,3,191,1,10,2623,38,38
2486,Male,1987-01-01,9000,352,53,1,5,2733,38,38
2493,Male,1976-09-01,2,3,53,1,25,2974,38,38
2529,Male,1996-01-01,9000,285,163,1,33,1305,4,4
2539,Male,1980-07-01,9,9000,53,1,25,2551,38,38
2540,Male,1998-08-01,9,3,58,1,11,37,38,38
2540,Male,1998-08-01,9,3,141,1,11,37,4,4
2542,Male,1973-05-01,9000,254,94,1,25,2553,14,14
2542,Male,1973-05-01,9000,254,17,1,25,2553,14,14
2542,Male,1973-05-01,9000,254,157,1,25,2553,91,91
2551,Female,1960-06-01,9000,4,45,1,10,2406,20,20
2555,Male,1972-12-01,9000,277,53,1,10,2395,38,38
2556,Male,1990-11-01,9000,258,108,1,25,2557,38,38
2576,Male,1987-03-01,9000,404,7,1,126,8948,38,38
2576,Male,1987-03-01,9000,404,73,1,126,8948,31,31
2627,Male,1974-06-01,9,3,108,1,5,793,38,38
2627,Male,1974-06-01,9,3,109,1,5,793,38,38
2655,Male,1996-04-01,2,3,191,1,25,1334,38,38
2655,Male,1996-04-01,2,3,27,1,25,1334,115,115
2672,Male,1961-01-01,9,9000,197,1,5,781,105,105
2672,Male,1961-01-01,9,9000,7,1,5,781,38,38
2672,Male,1961-01-01,9,9000,71,1,5,781,38,38
2676,Male,1975-09-01,9000,126,87,1,11,29,38,38
2676,Male,1975-09-01,9000,126,87,1,11,29,38,38
2677,Male,1983-04-01,9000,424,7,1,5,986,38,38
2692,Male,1988-09-01,9,270,87,1,10,422,38,38
2692,Male,1988-09-01,9,270,87,1,10,422,38,38
2692,Male,1988-09-01,9,270,22,1,10,422,38,38
2692,Male,1988-09-01,9,270,22,1,10,422,38,38
2698,Male,1981-05-01,9,3,108,1,5,725,38,38
2698,Male,1981-05-01,9,3,7,1,5,725,38,38
2729,Male,1995-12-01,9,9000,108,1,10,2911,38,38
2732,Male,1996-11-01,2,3,139,1,25,1468,40,40
2735,Male,1978-02-01,2,3,7,1,25,891,38,38
2741,Male,1982-05-01,9,9000,108,1,10,2873,38,38
2763,Male,1993-01-01,9000,277,87,1,25,2641,38,38
2763,Male,1993-01-01,9000,277,66,1,25,2641,38,38
2763,Male,1993-01-01,9000,277,87,1,25,2641,38,38
2781,Male,1997-08-01,9,3,144,1,8,8143,34,34
2791,Male,1983-03-01,9,3,30,1,25,3703,36,36
2792,Male,1989-07-01,9000,288,71,1,105,2652,38,38
2792,Male,1989-07-01,9000,288,24,1,105,2652,38,38
2792,Male,1989-07-01,9000,288,66,1,105,2652,38,38
2792,Male,1989-07-01,9000,288,108,1,105,2652,38,38
2792,Male,1989-07-01,9000,288,104,1,105,2652,7,7
2805,Male,1983-03-01,9,9000,7,1,5,786,38,38
2856,Male,1997-06-01,9,9000,24,1,8,1261,77,77
2856,Male,1997-06-01,9,9000,183,1,8,1261,38,38
2856,Male,1997-06-01,9,9000,181,1,8,1261,38,38
2904,Male,1998-03-01,2,3,205,1,8,1290,4,4
2956,Male,1996-10-01,9,3,148,1,13,1233,4,4
2956,Male,1996-10-01,9,3,134,1,13,1233,4,4
2980,Male,1993-03-01,9000,424,108,1,5,805,38,38
3036,Unknown,1994-12-01,9000,270,58,1,25,2762,38,38
3036,Unknown,1994-12-01,9000,270,66,1,25,2762,38,38
3036,Unknown,1994-12-01,9000,270,58,1,25,2762,38,38
3036,Unknown,1994-12-01,9000,270,26,1,25,2762,31,31
3036,Unknown,1994-12-01,9000,270,24,1,25,2762,38,38
3039,Male,1993-11-01,9,166,7,1,5,911,38,38
3039,Male,1993-11-01,9,166,24,1,5,911,38,38
3039,Male,1993-11-01,9,166,24,1,5,911,77,77
3059,Male,1995-10-01,9,9000,148,1,10,1838,4,4
3059,Male,1995-10-01,9,9000,108,1,10,1838,77,77
3070,Male,1996-06-01,9000,277,108,1,10,1129,38,38
3075,Male,1994-10-01,9,3,148,1,13,1367,38,38
3087,Male,1998-02-01,9000,3,108,1,8,12199,4,4
3087,Male,1998-02-01,9000,3,181,1,8,12199,4,4
3091,Male,1992-01-01,9000,254,191,1,105,100,38,38
3093,Male,1995-12-01,9000,270,66,1,13,1154,38,38
3093,Male,1995-12-01,9000,270,108,1,13,1154,38,38
3094,Male,1996-11-01,9000,3,128,1,10,1155,61,61
3098,Male,1993-11-01,9000,396,45,1,8,1163,38,38
3120,Male,1996-04-01,9000,416,58,1,8,1181,38,38
3121,Male,1966-01-01,9,3,120,1,5,912,38,38
3121,Male,1966-01-01,9,3,108,1,5,912,38,38
3121,Male,1966-01-01,9,3,60,1,5,912,38,38
3147,Unknown,1996-08-01,9000,283,66,1,13,1198,38,38
3147,Unknown,1996-08-01,9000,283,140,1,13,1198,38,38
3147,Unknown,1996-08-01,9000,283,71,1,13,1198,38,38
3235,Male,1986-04-01,9000,3,108,1,25,2848,38,38
3236,Male,1994-04-01,9,3,66,1,25,2770,38,38
3236,Male,1994-04-01,9,3,66,1,25,2770,38,38
3236,Male,1994-04-01,9,3,78,1,63,7539,38,38
3236,Male,1994-04-01,9,3,192,1,63,7539,77,77
3247,Male,1995-06-01,9000,270,92,1,25,2924,58,58
3249,Male,1997-08-01,9,3,140,1,13,1195,38,38
3249,Male,1997-08-01,9,3,173,1,13,1195,115,115
3250,Male,1998-01-01,2,3,108,1,119,8917,91,91
3294,Male,1995-01-01,9000,283,58,1,13,1223,38,38
3294,Male,1995-01-01,9000,283,58,1,13,1223,38,38
3294,Male,1995-01-01,9000,283,140,1,13,1223,38,38
3306,Male,1997-06-01,9000,254,185,1,8,1230,12,12
3306,Male,1997-06-01,9000,254,108,1,8,1230,4,4
3306,Male,1997-06-01,9000,254,143,1,8,1230,23,23
3308,Male,1997-02-01,9000,277,189,1,126,1232,38,38
3309,Male,1995-08-01,9000,277,44,1,13,1208,38,38
3309,Male,1995-08-01,9000,277,140,1,13,1208,38,38
3319,Male,1996-01-01,9,9000,180,1,13,1237,4,4
3326,Male,1989-03-01,9,3,94,1,5,824,14,14
3335,Male,1995-09-01,9000,260,66,1,8,1260,38,38
3346,Male,1993-11-01,9000,3,11,1,8,1267,34,34
3346,Male,1993-11-01,9000,3,66,1,8,1267,38,38
3346,Male,1993-11-01,9000,3,66,1,8,1267,38,38
3346,Male,1993-11-01,9000,3,58,1,8,1267,38,38
3346,Male,1993-11-01,9000,3,108,1,8,1267,38,38
3346,Male,1993-11-01,9000,3,73,1,8,1267,31,31
3375,Male,1995-02-01,2,3,66,1,13,1275,38,38
3375,Male,1995-02-01,2,3,58,1,13,1275,38,38
3375,Male,1995-02-01,2,3,140,1,13,1275,38,38
3375,Male,1995-02-01,2,3,34,1,13,1275,38,38
3376,Male,1997-08-01,2,3,181,1,13,3772,34,34
3376,Male,1997-08-01,2,3,195,1,13,3772,61,61
3442,Male,1997-10-01,9,424,181,1,8,1292,103,103
3445,Male,1994-04-01,9,3,45,1,10,2790,38,38
3462,Male,1991-02-01,9,9000,60,1,5,717,9,9
3462,Male,1991-02-01,9,9000,108,1,5,717,38,38
3480,Male,1994-08-01,2,3,108,1,11,799,38,38
3480,Male,1994-08-01,2,3,109,1,11,799,38,38
3482,Male,1971-07-01,9,9000,36,1,5,714,36,36
3484,Male,1995-06-01,9,277,191,1,10,2917,38,38
3494,Male,1995-07-01,9000,424,140,1,8,1301,38,38
3496,Male,1995-08-01,9,424,1,1,8,1303,23,23
3504,Male,1997-08-01,9000,288,157,1,40,1306,7,7
3504,Male,1997-08-01,9000,288,140,1,40,1306,104,104
3534,Male,1984-05-01,9,9000,7,1,5,724,38,38
3560,Male,1995-05-01,9,262,24,1,5,920,38,38
3561,Male,1996-04-01,9000,424,175,1,8,1321,5,5
3561,Male,1996-04-01,9000,424,140,1,8,1321,38,38
3583,Male,1993-09-01,9000,254,7,1,5,733,38,38
3585,Unknown,1990-07-01,9000,3,7,1,5,734,38,38
3607,Male,1995-05-01,2,3,148,1,13,1339,4,4
3712,Male,1994-07-01,9000,3,180,1,13,1357,77,77
3712,Male,1994-07-01,9000,3,108,1,13,1357,77,77
3720,Male,1995-01-01,9000,3,180,1,13,1463,4,4
3745,Male,1997-08-01,9,3,108,1,8,1363,38,38
3771,Male,1978-07-01,9000,9000,78,1,10,2810,38,38
3803,Male,1994-05-01,9,416,109,1,5,797,38,38
3804,Male,1993-11-01,9,285,108,1,5,798,38,38
3804,Male,1993-11-01,9,285,109,1,5,798,38,38
3818,Male,1998-12-01,9000,258,205,1,13,8387,4,4
3823,Unknown,1995-09-01,9000,424,180,1,25,1404,38,38
3831,Male,1978-04-01,9000,9000,7,1,5,812,38,38
3833,Male,1994-05-01,2,3,7,1,5,814,38,38
3848,Male,1967-01-01,2,3,108,1,5,817,38,38
3848,Male,1967-01-01,2,3,60,1,5,817,38,38
3848,Male,1967-01-01,2,3,110,1,5,817,38,38
3855,Male,1992-09-01,2,3,2,1,5,819,22,22
3857,Male,1993-06-01,9,3,108,1,5,822,38,38
3857,Male,1993-06-01,9,3,128,1,5,822,13,13
3862,Male,1995-02-01,9,3,108,1,5,8336,38,38
3862,Male,1995-02-01,9,3,108,1,5,8336,38,38
3995,Male,2000-01-01,9,9000,217,1,13,1443,77,77
3997,Male,1980-03-01,2,3,49,1,11,296,13,13
3999,Male,1993-05-01,9,25,2,1,5,1018,19,19
4019,Male,1994-08-01,9,277,71,1,10,2852,38,38
4019,Male,1994-08-01,9,277,66,1,10,2852,38,38
4019,Male,1994-08-01,9,277,140,1,10,2852,38,38
4120,Male,1992-01-01,2,3,45,1,11,309,38,38
4120,Male,1992-01-01,2,3,66,1,11,309,38,38
4120,Male,1992-01-01,2,3,87,1,11,309,38,38
4120,Male,1992-01-01,2,3,87,1,11,309,38,38
4230,Male,1997-08-01,9000,258,205,1,13,3956,4,4
4230,Male,1997-08-01,9000,258,157,1,13,3956,51,51
4255,Male,1997-09-01,2,3,108,1,13,1441,38,38
4255,Male,1997-09-01,2,3,212,1,13,10463,34,34
4289,Male,1988-10-01,9,3,77,1,25,2822,19,19
4289,Male,1988-10-01,9,3,132,1,25,2822,19,19
4295,Male,1999-03-01,2,3,217,1,13,12886,77,77
4295,Male,1999-03-01,2,3,181,1,13,12886,4,4
4371,Male,1998-05-01,2,3,173,1,8,1436,4,4
4371,Male,1998-05-01,2,3,148,1,8,1436,4,4
4371,Male,1998-05-01,2,3,108,1,8,1436,34,34
4371,Male,1998-05-01,2,3,140,1,8,1436,77,77
4387,Male,1998-04-01,9000,3,108,1,8,4049,77,77
4392,Unknown,1990-08-01,9000,241,24,1,5,326,38,38
4409,Male,1989-07-01,9000,270,7,1,105,956,38,38
4448,Male,2001-01-01,9000,115,173,1,13,1457,4,4
4448,Male,2001-01-01,9000,115,217,1,13,1457,77,77
4449,Male,1997-06-01,2,3,108,1,13,9814,34,34
4489,Male,1999-07-01,9,3,205,1,13,1653,4,4
4489,Male,1999-07-01,9,3,148,1,13,1653,4,4
4547,Male,1999-06-01,9,3,170,1,8,4157,91,91
4547,Male,1999-06-01,9,3,108,1,8,4157,4,4
4547,Male,1999-06-01,9,3,158,1,8,4157,4,4
4547,Male,1999-06-01,9,3,189,1,8,4157,4,4
4565,Male,1999-10-01,9,285,108,1,13,7795,4,4
4565,Male,1999-10-01,9,285,181,1,13,7795,4,4
4565,Male,1999-10-01,9,285,148,1,13,7795,4,4
4607,Male,1999-09-01,9,3,205,1,8,4195,4,4
4629,Male,1995-06-01,9,3,7,1,5,871,38,38
4629,Male,1995-06-01,9,3,108,1,5,871,38,38
4758,Male,1994-10-01,9,262,92,1,10,637,61,61
4758,Male,1994-10-01,9,262,58,1,10,637,38,38
4758,Male,1994-10-01,9,262,58,1,10,637,38,38
4758,Male,1994-10-01,9,262,87,1,10,637,38,38
4758,Male,1994-10-01,9,262,87,1,10,637,38,38
4813,Unknown,1990-01-01,9000,9000,7,1,5,870,38,38
4814,Male,1985-04-01,9000,9000,7,1,5,872,38,38
4817,Male,1991-12-01,9000,9000,180,1,13,1465,4,4
4821,Male,1998-01-01,2,3,181,1,13,1583,34,34
4831,Male,1998-06-01,9,3,134,1,13,1719,4,4
4885,Male,1985-10-01,9000,3,7,1,5,876,50,50
4885,Male,1985-10-01,9000,3,30,1,5,876,36,36
4925,Female,1999-12-01,9,3,202,1,13,1786,27,27
4972,Male,1967-06-01,9,2,108,1,10,2834,38,38
5024,Male,1985-09-01,9000,4,191,1,25,683,38,38
5041,Male,1997-11-01,2,9000,108,1,8,10977,38,38
5116,Male,1969-04-01,2,3,11,1,25,892,27,27
5116,Male,1969-04-01,2,3,111,1,25,892,13,13
5117,Male,1996-04-01,9,277,140,1,10,1527,38,38
5213,Male,1992-04-01,9000,258,71,1,25,2837,38,38
5213,Male,1992-04-01,9000,258,45,1,25,2837,38,38
5215,Male,1989-10-01,9000,277,45,1,25,2838,38,38
5246,Male,1999-09-01,9,3,175,1,8,10584,4,4
5295,Male,1986-03-01,9,112,2,1,126,1052,22,22
5295,Male,1986-03-01,9,112,199,1,126,1052,31,31
5321,Male,1981-10-01,9,9000,7,1,5,895,38,38
5364,Male,1974-06-01,9000,258,140,1,10,2458,38,38
5386,Male,1981-04-01,9000,9000,7,1,5,900,38,38
5388,Male,1982-07-01,9,117,7,1,5,901,38,38
5388,Male,1982-07-01,9,117,108,1,5,901,38,38
5388,Male,1982-07-01,9,117,108,1,5,901,38,38
5390,Male,1989-06-01,9,3,7,1,5,902,38,38
5390,Male,1989-06-01,9,3,2,1,5,902,22,22
5436,Male,1987-11-01,9,3,7,1,5,922,38,38
5449,Male,1992-10-01,2,3,7,1,5,903,38,38
5451,Male,1993-11-01,9,3,7,1,25,904,38,38
5551,Male,1993-10-01,9,3,7,1,25,923,38,38
5551,Male,1993-10-01,9,3,108,1,25,923,38,38
5553,Male,1991-05-01,9000,9000,7,1,5,908,38,38
5608,Male,1997-08-01,9000,270,156,1,13,1734,23,23
5608,Male,1997-08-01,9000,270,195,1,13,1734,93,93
5621,Male,1998-03-01,9000,258,189,1,10,1517,4,4
5625,Male,1993-05-01,9000,277,45,1,25,2854,38,38
5656,Male,1999-05-01,2,3,71,1,13,10630,77,77
5656,Male,1999-05-01,2,3,108,1,13,10630,77,77
5656,Male,1999-05-01,2,3,183,1,13,10630,77,77
5719,Male,1992-12-01,9,258,24,1,25,2860,38,38
5720,Male,1991-04-01,9000,9000,45,1,10,2861,38,38
5763,Male,1981-03-01,1,416,7,1,5,941,38,38
5768,Male,1997-01-01,9,9000,108,1,10,12494,4,4
5789,Male,1996-09-01,9,9000,78,1,5,10953,38,38
5806,Unknown,1963-01-01,9000,147,171,1,105,708,2,2
5807,Male,1978-03-01,9,9000,7,1,5,915,38,38
5809,Male,1999-02-01,2,3,108,1,8,1776,34,34
5809,Male,1999-02-01,2,3,217,1,8,1776,77,77
5870,Male,1993-01-01,9,9000,108,1,25,2871,38,38
5872,Male,1994-04-01,9000,424,128,1,13,1523,14,14
5872,Male,1994-04-01,9000,424,94,1,13,1523,14,14
5872,Male,1994-04-01,9000,424,175,1,13,1523,4,4
5879,Male,1995-01-01,9000,254,58,1,25,2928,38,38
5879,Male,1995-01-01,9000,254,58,1,25,2928,38,38
5879,Male,1995-01-01,9000,254,87,1,25,2928,38,38
5879,Male,1995-01-01,9000,254,87,1,25,2928,38,38
5899,Male,1997-04-01,9,9000,71,1,13,1608,4,4
5899,Male,1997-04-01,9,9000,108,1,13,1608,38,38
5918,Male,1996-08-01,9000,283,140,1,13,1543,38,38
5918,Male,1996-08-01,9000,283,181,1,13,1543,38,38
5935,Male,1995-01-01,9000,3,7,1,5,926,38,38
5949,Male,1979-12-01,9000,379,7,1,5,924,38,38
5949,Male,1979-12-01,9000,379,108,1,5,924,38,38
5975,Male,1997-10-01,2,3,34,1,13,1843,77,77
6001,Male,1999-01-01,9,3,108,1,13,9112,77,77
6006,Male,1993-07-01,9,9000,7,1,5,927,38,38
6006,Male,1993-07-01,9,9000,7,1,5,927,38,38
6006,Male,1993-07-01,9,9000,108,1,5,927,38,38
6007,Male,1993-02-01,9,416,7,1,5,928,38,38
6007,Male,1993-02-01,9,416,108,1,5,928,38,38
6037,Unknown,1984-04-01,9000,3,22,1,11,5115,39,39
6117,Male,1992-12-01,9000,258,45,1,NULL,5164,38,38
6160,Male,1985-01-01,9000,9000,108,1,5,931,38,38
6164,Male,1999-02-01,9000,254,181,1,8,13144,4,4
6175,Male,1974-06-01,9,9000,78,1,5,935,38,38
6176,Male,1984-05-01,9000,424,7,1,5,936,38,38
6176,Male,1984-05-01,9000,424,108,1,5,936,38,38
6177,Male,1982-08-01,9000,414,71,1,5,937,38,38
6177,Male,1982-08-01,9000,414,7,1,5,937,38,38
6177,Male,1982-08-01,9000,414,108,1,5,937,38,38
6206,Male,1991-12-01,9,3,108,1,5,939,38,38
6231,Male,2000-09-01,2,3,173,1,8,1619,4,4
6263,Male,1998-06-01,9000,3,34,1,13,1564,38,38
6276,Male,1998-07-01,9,9000,181,1,8,1593,4,4
6276,Male,1998-07-01,9,9000,217,1,8,1593,4,4
6330,Male,1982-08-01,9000,9000,7,1,5,940,38,38
6337,Male,1989-11-01,9000,379,108,1,5,944,38,38
6340,Male,1999-09-01,9000,277,189,1,13,1833,5,5
6340,Male,1999-09-01,9000,277,34,1,13,1833,5,5
6362,Male,1989-02-01,9000,3,7,1,5,945,38,38
6385,Male,1980-07-01,9,416,7,1,5,947,38,38
6424,Male,1999-02-01,9000,283,108,1,13,10139,77,77
6424,Male,1999-02-01,9000,283,185,1,13,10139,91,91
6424,Male,1999-02-01,9000,283,148,1,13,10139,34,34
6424,Male,1999-02-01,9000,283,183,1,13,10139,34,34
6424,Male,1999-02-01,9000,283,166,1,13,10139,34,34
6508,Male,2000-07-01,9000,283,173,1,13,14255,4,4
6508,Male,2000-07-01,9000,283,217,1,13,14255,4,4
6534,Male,1998-11-01,2,3,219,1,13,11369,4,4
6534,Male,1998-11-01,2,3,108,1,13,9090,77,77
6534,Male,1998-11-01,2,3,173,1,13,9090,4,4
6540,Male,1971-04-01,9000,270,104,1,105,7209,99,99
6551,Male,1998-04-01,2,3,174,1,13,9699,5,5
6562,Male,1981-09-01,9,416,108,1,25,9420,38,38
6562,Male,1981-09-01,9,416,11,1,25,9420,22,22
6562,Male,1981-09-01,9,416,216,1,25,9420,9,9
6576,Male,1991-03-01,9000,270,66,1,NULL,5459,38,38
6578,Male,1983-09-01,9000,288,7,1,5,953,38,38
6593,Male,2001-05-01,2,3,108,1,13,5468,79,79
6593,Male,2001-05-01,2,3,148,1,13,5468,115,115
6593,Male,2001-05-01,2,3,34,1,13,5468,115,115
6601,Male,1999-08-01,2,3,183,1,8,13437,4,4
6607,Male,1988-08-01,9,9000,16,1,10,2889,13,13
6607,Male,1988-08-01,9,9000,30,1,10,2889,35,35
6607,Male,1988-08-01,9,9000,24,1,10,2889,38,38
6636,Male,1999-09-01,9,416,181,1,8,13903,4,4
6636,Male,1999-09-01,9,416,183,1,8,13903,4,4
6647,Male,1979-02-01,9000,9000,7,1,5,957,38,38
6723,Male,1987-06-01,9000,424,46,1,25,2979,66,66
6774,Male,1968-10-01,2,3,7,1,5,961,38,38
6775,Male,1994-01-01,9,9000,7,1,5,962,38,38
6775,Male,1994-01-01,9,9000,7,1,5,962,38,38
6813,Male,1997-05-01,2,3,144,1,13,9101,4,4
6847,Male,1997-12-01,2,3,24,1,5,12415,38,38
6881,Male,1995-09-01,9000,377,7,1,33,964,38,38
6881,Male,1995-09-01,9000,377,108,1,33,964,38,38
6883,Male,1993-07-01,9,3,7,1,5,966,38,38
6883,Male,1993-07-01,9,3,108,1,5,966,38,38
6885,Male,1991-02-01,9000,9000,7,1,5,969,38,38
6886,Male,1995-07-01,9,9000,7,1,5,970,38,38
6886,Male,1995-07-01,9,9000,219,1,5,970,38,38
6998,Male,1997-07-01,2,3,108,1,13,5701,77,77
7036,Male,1999-12-01,9,3,181,1,13,9241,9,9
7036,Male,1999-12-01,9,3,189,1,13,9241,82,82
7049,Male,1990-01-01,9000,285,7,1,5,976,38,38
7119,Male,1994-06-01,2,3,61,1,5,1013,36,36
7124,Male,1991-01-01,9000,3,7,1,126,980,38,38
7175,Male,1982-05-01,9,9000,45,1,11,5797,10,10
7256,Male,1992-09-01,9000,288,7,1,5,989,38,38
7303,Male,1992-05-01,9000,270,45,1,NULL,5874,38,38
7303,Male,1992-05-01,9000,270,6,1,NULL,5874,38,38
7344,Male,2000-06-01,9,3,181,1,13,12485,4,4
7346,Male,1996-01-01,2,3,108,1,25,1631,4,4
7436,Male,1998-12-01,9,9000,181,1,8,8348,4,4
7464,Male,1999-07-01,9000,283,108,1,13,7630,34,34
7464,Male,1999-07-01,9000,283,185,1,13,7630,61,61
7467,Male,1999-03-01,9000,283,144,1,13,8775,93,93
7467,Male,1999-03-01,9000,283,183,1,13,8775,11,11
7467,Male,1999-03-01,9000,283,183,1,13,8775,82,82
7467,Male,1999-03-01,9000,283,34,1,13,8775,77,77
7500,Male,1996-12-01,9000,258,78,1,105,1628,115,115
7544,Male,1995-04-01,9,3,34,1,25,8215,93,93
7620,Male,1986-09-01,9,3,7,1,126,6065,31,31
7620,Male,1986-09-01,9,3,73,1,126,6065,31,31
7620,Male,1986-09-01,9,3,191,1,126,6065,38,38
7620,Male,1986-09-01,9,3,66,1,126,6065,38,38
7661,Male,2000-05-01,2,3,183,1,8,8871,77,77
7661,Male,2000-05-01,2,3,23,1,8,8871,77,77
7661,Male,2000-05-01,2,3,185,1,8,8871,91,91
7661,Male,2000-05-01,2,3,108,1,8,8871,4,4
7698,Male,1999-12-01,9000,270,181,1,13,18345,4,4
7747,Male,1999-01-01,9000,283,27,1,13,6140,34,34
7747,Male,1999-01-01,9000,283,185,1,13,6140,91,91
7766,Male,1972-11-01,9,9000,7,1,5,1039,38,38
7797,Male,1986-03-01,9000,416,108,1,5,1008,38,38
7843,Male,1997-12-01,2,3,7,1,13,9278,11,11
7895,Male,1999-10-01,9,3,140,1,25,1822,77,77
7943,Male,1995-07-01,9000,330,108,1,5,1022,38,38
7961,Male,1995-05-01,9000,9000,71,1,NULL,7978,38,38
8239,Male,1999-09-01,9000,270,108,1,13,10357,4,4
8252,Male,1981-09-01,9,3,7,1,5,1035,38,38
8253,Male,1996-07-01,2,3,30,1,13,1674,91,91
8266,Male,1999-11-01,2,416,71,1,8,8866,4,4
8446,Male,1992-08-01,9,260,24,1,5,1051,38,38
8619,Male,1997-02-01,2,9000,71,1,13,1692,4,4
8630,Male,2001-02-01,9,6,205,1,13,10238,4,4
8704,Male,1982-10-01,9000,3,108,1,5,7977,38,38
8728,Male,1999-07-01,2,3,170,1,13,6727,91,91
8728,Male,1999-07-01,2,3,147,1,13,6727,4,4
8728,Male,1999-07-01,2,3,101,1,13,6727,77,77
8796,Male,1967-10-01,9000,379,104,1,105,9891,115,115
8808,Male,2001-02-01,2,3,183,1,13,10231,4,4
8848,Male,1973-09-01,9,3,208,1,105,10156,114,114
8863,Male,1981-02-01,1,3,219,1,5,1102,38,38
8937,Male,1997-10-01,9000,283,139,1,13,7623,4,4
8937,Male,1997-10-01,9000,283,71,1,13,7623,34,34
8953,Male,1999-04-01,9000,260,108,1,8,10775,4,4
8953,Male,1999-04-01,9000,260,207,1,8,10775,4,4
8953,Male,1999-04-01,9000,260,145,1,8,10775,77,77
8958,Male,1999-05-01,9,3,30,1,8,1732,4,4
8958,Male,1999-05-01,9,3,108,1,8,1732,4,4
8958,Male,1999-05-01,9,3,189,1,8,1732,34,34
8958,Male,1999-05-01,9,3,52,1,8,1732,4,4
8978,Male,1998-11-01,9,3,141,1,13,1729,4,4
8978,Male,1998-11-01,9,3,108,1,13,1729,77,77
9001,Male,1995-05-01,9,9000,210,1,105,646,38,38
9013,Male,1998-03-01,9,9000,209,1,8,1740,4,4
9013,Male,1998-03-01,9,9000,108,1,8,1740,113,113
9029,Female,2000-09-01,9,94,123,1,8,1779,5,5
9184,Male,2000-08-01,9,9000,183,1,13,9035,4,4
9184,Male,2000-08-01,9,9000,181,1,13,9035,4,4
9184,Male,2000-08-01,9,9000,205,1,13,9035,4,4
9403,Male,2000-08-01,9,9000,181,1,13,9691,4,4
9440,Male,1999-05-01,2,416,183,1,8,12324,38,38
9469,Male,1959-01-01,9000,270,17,1,105,673,16,16
9485,Male,2000-01-01,2,3,92,1,8,1787,61,61
9485,Male,2000-01-01,2,3,181,1,8,1787,34,34
9492,Male,2002-03-01,9000,283,181,1,13,7112,4,4
9546,Male,1999-09-01,9000,405,181,1,13,13494,4,4
9596,Male,1997-11-01,2,3,108,1,13,1799,4,4
9597,Male,1999-09-01,9000,405,173,1,13,1807,5,5
9646,Male,2001-11-01,9000,125,134,1,8,1789,4,4
9653,Female,1976-10-01,9000,423,171,1,105,10309,86,86
9691,Male,1999-12-01,9,9000,217,1,13,1803,77,77
9777,Male,2001-03-01,9000,277,170,1,13,14655,91,91
9787,Male,1997-01-01,2,3,166,1,8,1802,12,12
9787,Male,1997-01-01,2,3,87,1,8,1802,77,77
9872,Male,1999-07-01,9,9000,217,1,13,10543,4,4
9905,Female,1989-12-01,9,9000,183,1,119,11739,10,10
9926,Male,1993-09-01,9000,424,60,1,126,2980,8,8
9970,Male,1997-08-01,9000,3,181,1,8,1831,4,4
9984,Female,1960-03-01,9000,270,71,1,105,702,4,4
9984,Female,1960-03-01,9000,270,2,1,105,702,10,10
10005,Male,2000-04-01,9000,268,156,1,13,1820,4,4
10005,Male,2000-04-01,9000,268,26,1,13,1820,4,4
10013,Male,2000-10-01,9,268,157,1,13,9064,4,4
10030,Male,1999-07-01,2,3,170,1,13,1824,91,91
10030,Male,1999-07-01,2,3,183,1,13,1824,79,79
10078,Male,1984-10-01,9000,277,70,1,10,2990,19,19
10078,Male,1984-10-01,9000,277,136,1,10,2990,19,19
10108,Male,1999-07-01,2,3,139,1,8,10676,4,4
10114,Male,1991-01-01,9,288,24,1,5,1123,38,38
10122,Male,2000-10-01,9,424,148,1,8,1834,4,4
10192,Male,2000-06-01,9,9000,144,1,8,9315,4,4
10233,Male,1993-09-01,2,3,61,1,63,7496,56,56
10234,Male,1991-10-01,9,3,1,1,70,7502,19,19
10234,Male,1991-10-01,9,3,157,1,70,7502,5,5
10234,Male,1991-10-01,9,3,78,1,70,7502,9,9
10234,Male,1991-10-01,9,3,15,1,70,7502,35,35
10234,Male,1991-10-01,9,3,5,1,70,7502,17,17
10234,Male,1991-10-01,9,3,192,1,70,7502,60,60
10234,Male,1991-10-01,9,3,78,1,70,7502,97,97
10240,Male,1991-09-01,9,3,78,1,70,7515,97,97
10240,Male,1991-09-01,9,3,157,1,70,7515,59,59
10240,Male,1991-09-01,9,3,94,1,70,7515,14,14
10240,Male,1991-09-01,9,3,94,1,70,7515,14,14
10240,Male,1991-09-01,9,3,78,1,70,7515,28,28
10240,Male,1991-09-01,9,3,78,1,70,7515,1,1
10241,Male,1991-03-01,9,3,78,1,70,7517,38,38
10241,Male,1991-03-01,9,3,78,1,70,7517,4,4
10241,Male,1991-03-01,9,3,30,1,70,7517,40,40
10241,Male,1991-03-01,9,3,88,1,70,7517,10,10
10311,Male,1998-09-01,9,3,78,1,25,9637,77,77
10311,Male,1998-09-01,9,3,217,1,25,9637,77,77
11314,Male,2000-07-01,2,3,217,1,8,7617,77,77
11432,Male,1993-07-01,9,3,34,1,66,7662,4,4
11432,Male,1993-07-01,9,3,8,1,66,7662,1,1
11446,Male,1989-01-01,2,9000,7,1,5,804,38,38
11446,Male,1989-01-01,2,9000,108,1,5,804,38,38
11481,Male,1998-09-01,2,3,170,1,13,10633,91,91
11516,Male,1998-07-01,2,3,181,1,13,9869,4,4
11569,Male,1975-04-01,9,9000,104,1,105,7733,7,7
11619,Male,1982-09-01,2,9000,185,1,119,8916,91,91
11619,Male,1982-09-01,2,9000,178,1,119,8916,79,79
11619,Male,1982-09-01,2,9000,23,1,119,8916,38,38
11642,Male,1992-03-01,2,3,24,1,5,10144,38,38
11682,Male,1966-02-01,2,3,24,1,25,7812,38,38
11735,Male,1990-04-01,2,3,24,1,5,7819,38,38
11739,Male,1973-05-01,9000,9000,188,1,105,7849,38,38
11739,Male,1973-05-01,9000,9000,183,1,105,7849,10,10
11740,Male,1997-04-01,9000,270,24,1,13,7880,77,77
11748,Male,1985-04-01,2,3,24,1,5,7830,38,38
11753,Male,1998-04-01,2,3,217,1,8,7832,77,77
11765,Male,1999-02-01,2,3,219,1,8,7850,4,4
11789,Male,1990-11-01,9000,270,78,1,105,7876,14,14
11789,Male,1990-11-01,9000,270,104,1,105,7876,7,7
11789,Male,1990-11-01,9000,270,78,1,105,7876,32,32
11855,Male,1985-07-01,2,4,73,1,126,7901,31,31
11857,Male,1979-07-01,9,9000,143,1,126,7903,22,22
11867,Male,1986-08-01,2,9000,11,1,11,7913,19,19
11898,Male,1981-09-01,9000,9000,108,1,5,7979,38,38
11898,Male,1981-09-01,9000,9000,108,1,5,7979,38,38
11934,Male,1984-10-01,9000,9000,78,1,10,7949,44,44
11945,Female,1998-12-01,9,9000,143,1,8,10522,23,23
11945,Female,1998-12-01,9,9000,108,1,8,10522,38,38
11945,Female,1998-12-01,9,9000,101,1,8,10522,38,38
12039,Male,1985-11-01,9000,9000,144,1,105,7994,10,10
12064,Male,1972-12-01,1,416,203,1,11,8003,10,10
12116,Male,1994-07-01,9,3,7,1,119,8867,77,77
12134,Male,1992-03-01,2,3,108,1,8,8022,77,77
12134,Male,1992-03-01,2,3,172,1,8,8022,34,34
12178,Male,1986-05-01,9,3,30,1,10,8050,58,58
12178,Male,1986-05-01,9,3,143,1,10,8050,22,22
12179,Male,1995-04-01,9,9000,24,1,10,8051,38,38
12181,Male,1959-08-01,3,3,30,1,10,8053,35,35
12181,Male,1959-08-01,3,3,108,1,10,8053,38,38
12184,Male,1992-08-01,9000,270,140,1,10,10173,38,38
12184,Male,1992-08-01,9000,270,78,1,10,10173,38,38
12184,Male,1992-08-01,9000,270,45,1,10,10173,113,113
12263,Male,2002-02-01,9,9000,181,1,8,11060,4,4
12266,Male,2000-01-01,9000,424,179,1,8,9218,40,40
12266,Male,2000-01-01,9000,424,173,1,8,9218,82,82
12295,Male,1976-09-01,9000,12,208,1,105,8131,114,114
12295,Male,1976-09-01,9000,12,183,1,105,8131,10,10
12295,Male,1976-09-01,9000,12,45,1,105,8131,10,10
12330,Male,1994-12-01,2,3,181,1,13,8149,4,4
12345,Male,1998-03-01,2,9000,143,1,13,8185,23,23
12360,Male,1972-11-01,2,3,24,1,25,8179,38,38
12361,Male,1995-02-01,9,424,158,1,8,8176,4,4
12361,Male,1995-02-01,9,424,108,1,8,8176,77,77
12367,Male,1998-11-01,2,3,23,1,13,17289,77,77
12417,Male,1998-07-01,9000,283,108,1,13,13252,4,4
12451,Male,1970-01-01,9,3,78,1,11,8251,86,86
12451,Male,1970-01-01,9,3,45,1,11,8251,86,86
12560,Male,1999-08-01,2,3,108,1,8,8305,77,77
12565,Male,1995-08-01,9000,3,78,1,11,8297,31,31
12605,Male,1996-06-01,9000,115,108,1,10,8342,38,38
12605,Male,1996-06-01,9000,115,140,1,10,8342,38,38
12605,Male,1996-06-01,9000,115,47,1,10,8342,58,58
12677,Male,1987-01-01,9,9000,78,1,105,8413,31,31
12677,Male,1987-01-01,9,9000,104,1,105,8413,38,38
12677,Male,1987-01-01,9,9000,78,1,105,8413,115,115
12678,Unknown,1984-10-01,9000,424,104,1,105,8410,38,38
12678,Unknown,1984-10-01,9000,424,188,1,105,8410,38,38
12703,Male,1989-06-01,2,9000,78,1,105,8417,115,115
12719,Female,1997-07-01,9,3,188,1,13,8426,77,77
12764,Male,2000-07-01,9000,260,181,1,8,8470,4,4
12778,Male,1985-07-01,9,9000,7,1,126,8463,38,38
12885,Male,2000-08-01,9000,134,134,1,8,10549,4,4
13026,Male,1978-03-01,9000,283,16,1,126,8593,13,13
13026,Male,1978-03-01,9000,283,1,1,126,8593,22,22
13026,Male,1978-03-01,9000,283,208,1,126,8593,114,114
13168,Male,1986-07-01,3,3,45,1,119,9081,20,20
13168,Male,1986-07-01,3,3,158,1,119,11090,28,28
13168,Male,1986-07-01,3,3,210,1,119,11090,40,40
13168,Male,1986-07-01,3,3,7,1,119,11090,40,40
13168,Male,1986-07-01,3,3,49,1,119,11090,17,17
13169,Female,1999-08-01,9000,3,156,1,13,9161,4,4
13169,Female,1999-08-01,9000,3,195,1,13,9161,5,5
13169,Female,1999-08-01,9000,3,101,1,13,9161,77,77
13227,Male,1999-03-01,2,3,170,1,8,16453,91,91
13314,Male,1999-08-01,2,3,183,1,8,12000,77,77
13314,Male,1999-08-01,2,3,71,1,8,12000,77,77
13314,Male,1999-08-01,2,3,108,1,8,12000,77,77
13314,Male,1999-08-01,2,3,108,1,8,12000,61,61
13323,Male,1999-02-01,9000,260,181,1,8,13005,4,4
13356,Male,1999-06-01,9000,424,209,1,8,10380,77,77
13356,Male,1999-06-01,9000,424,58,1,8,10380,77,77
13368,Male,1993-08-01,9,3,108,1,10,10312,22,22
13386,Male,2002-04-01,2,3,108,1,8,8772,77,77
13386,Male,2002-04-01,2,3,185,1,8,8772,61,61
13406,Male,1997-01-01,2,3,24,1,13,8778,77,77
13427,Male,1998-01-01,9000,283,160,1,13,8886,40,40
13442,Male,1991-07-01,9000,277,108,1,119,8865,38,38
13442,Male,1991-07-01,9000,277,212,1,119,8865,113,113
13443,Female,1997-09-01,9000,277,212,1,119,8887,113,113
13443,Female,1997-09-01,9000,277,1,1,119,8887,22,22
13495,Male,2001-04-01,9,9000,181,1,8,8881,4,4
13509,Male,1994-07-01,9000,25,2,1,5,8878,22,22
13536,Male,1999-12-01,9000,254,181,1,8,8908,4,4
13677,Female,1983-11-01,9000,424,7,1,25,8992,38,38
13677,Female,1983-11-01,9000,424,73,1,25,8992,31,31
13703,Male,1997-11-01,2,3,144,1,105,9006,99,99
13703,Male,1997-11-01,2,3,173,1,105,9006,34,34
13715,Male,1956-10-01,9000,9000,66,1,10,9008,38,38
13767,Male,1990-05-01,9000,119,108,1,5,9044,38,38
13843,Male,1994-08-01,2,3,24,1,8,9110,77,77
13847,Male,1982-07-01,9000,3,24,1,5,9114,38,38
13850,Male,1985-01-01,9000,9000,24,1,5,9118,38,38
13868,Female,2003-03-01,2,3,205,1,13,9326,22,22
13868,Female,2003-03-01,2,3,191,1,13,9326,77,77
13926,Male,1998-12-01,2,3,151,1,13,9157,3,3
13936,Male,2001-12-01,9,9000,183,1,13,12760,77,77
14191,Female,1996-08-01,9,3,24,1,13,9300,77,77
14285,Male,1999-11-01,2,3,185,1,13,9409,61,61
14353,Unknown,1987-03-01,9000,277,24,1,10,9428,38,38
14353,Unknown,1987-03-01,9000,277,210,1,10,9428,38,38
14354,Male,1989-03-01,9000,277,24,1,10,9429,38,38
14354,Male,1989-03-01,9000,277,210,1,10,9429,38,38
14361,Male,1999-03-01,2,3,185,1,8,9938,61,61
14538,Male,1998-02-01,9000,283,108,1,13,10027,77,77
14538,Male,1998-02-01,9000,283,140,1,13,10027,77,77
14538,Male,1998-02-01,9000,283,185,1,13,10027,91,91
14576,Male,2001-01-01,2,3,148,1,13,9769,4,4
14611,Male,1979-08-01,9000,249,45,1,10,9552,38,38
14665,Male,2001-01-01,2,3,170,1,25,11787,91,91
14694,Male,1960-04-01,9000,424,191,1,105,10934,38,38
14776,Male,1998-02-01,9,377,181,1,13,9649,4,4
14776,Male,1998-02-01,9,377,148,1,13,9649,4,4
14837,Male,1981-05-01,9000,260,208,1,11,9689,114,114
14837,Male,1981-05-01,9000,260,71,1,11,9689,38,38
14861,Male,1973-05-01,9000,3,199,1,5,9693,31,31
14878,Male,1963-04-01,2,3,71,1,105,9707,38,38
14878,Male,1963-04-01,2,3,208,1,105,9707,38,38
14878,Male,1963-04-01,2,3,22,1,105,9707,38,38
14912,Male,1999-08-01,9000,424,140,1,8,10585,77,77
14912,Male,1999-08-01,9000,424,219,1,8,10585,77,77
14975,Unknown,1989-07-01,9000,277,104,1,105,9751,115,115
15002,Male,2000-06-01,9,9000,141,1,13,9773,4,4
15029,Male,2000-09-01,9000,147,108,1,8,11058,4,4
15029,Male,2000-09-01,9000,147,181,1,8,11058,4,4
15029,Male,2000-09-01,9000,147,183,1,8,11058,4,4
15099,Female,1999-09-01,9,3,183,1,13,9818,4,4
15099,Female,1999-09-01,9,3,173,1,13,9818,4,4
15100,Female,1999-01-01,9000,220,202,1,13,9819,69,69
15153,Male,1982-02-01,9000,9000,73,1,126,9839,31,31
15205,Male,2001-02-01,9000,283,173,1,13,10025,4,4
15230,Male,1999-07-01,2,3,161,1,8,10153,91,91
15312,Female,1998-09-01,9,9000,30,1,13,9952,61,61
15312,Female,1998-09-01,9,9000,195,1,13,9952,5,5
15312,Female,1998-09-01,9,9000,108,1,13,9952,77,77
15312,Female,1998-09-01,9,9000,189,1,13,9952,5,5
15312,Female,1998-09-01,9,9000,181,1,13,9952,5,5
15351,Male,1997-11-01,2,3,138,1,8,10016,4,4
15351,Male,1997-11-01,2,3,183,1,8,10016,77,77
15365,Male,1971-12-01,9000,4,208,1,105,9998,38,38
15409,Male,1991-03-01,9,3,24,1,5,10008,38,38
15410,Male,1992-03-01,9,3,219,1,5,10009,38,38
15413,Male,1998-03-01,9,3,183,1,25,10713,77,77
15417,Male,2000-05-01,2,3,217,1,8,15361,4,4
15420,Male,1995-06-01,2,3,108,1,5,10011,38,38
15523,Male,1995-06-01,9000,134,273,1,5,10074,113,113
15523,Male,1995-06-01,9000,134,108,1,5,10074,38,38
15523,Male,1995-06-01,9000,134,24,1,5,10074,38,38
15663,Male,1995-09-01,2,3,92,1,10,10215,61,61
15695,Unknown,1999-04-01,9000,277,183,1,13,13105,4,4
15695,Unknown,1999-04-01,9000,277,181,1,13,13105,4,4
15712,Male,1999-03-01,2,3,205,1,13,11524,4,4
15712,Male,1999-03-01,2,3,181,1,13,11524,4,4
15743,Male,1997-01-01,9000,277,89,1,119,11054,105,105
15743,Male,1997-01-01,9000,277,49,1,119,11054,18,18
15743,Male,1997-01-01,9000,277,89,1,119,11054,35,35
15744,Male,1997-07-01,9000,270,142,1,119,11055,113,113
15984,Male,1994-08-01,2,3,128,1,5,10363,13,13
16073,Male,1998-01-01,2,3,183,1,8,10436,34,34
16127,Male,1988-04-01,2,3,36,1,10,10480,58,58
16184,Female,2001-03-01,9,186,152,1,119,14349,79,79
16184,Female,2001-03-01,9,186,183,1,119,14349,79,79
16184,Female,2001-03-01,9,186,139,1,119,14349,79,79
16198,Male,1974-07-01,9000,206,71,1,105,10536,115,115
16198,Male,1974-07-01,9000,206,217,1,105,10536,115,115
16198,Male,1974-07-01,9000,206,24,1,105,10536,115,115
16198,Male,1974-07-01,9000,206,16,1,105,10536,13,13
16198,Male,1974-07-01,9000,206,142,1,105,10536,114,114
16198,Male,1974-07-01,9000,206,208,1,105,10536,114,114
16198,Male,1974-07-01,9000,206,1,1,105,10536,107,107
16319,Male,1984-07-01,2,3,106,1,10,10586,103,103
16406,Male,1995-01-01,9000,283,212,1,119,10641,113,113
16406,Male,1995-01-01,9000,283,108,1,119,10641,113,113
16460,Female,1992-05-01,2,3,24,1,5,10671,38,38
16547,Male,2002-01-01,2,3,183,1,13,10735,4,4
16637,Male,1999-01-01,2,3,170,1,13,11229,91,91
16637,Male,1999-01-01,2,3,108,1,13,11229,4,4
16808,Unknown,2000-05-01,9000,414,181,1,8,14239,4,4
17109,Male,2000-05-01,2,3,108,1,13,11530,34,34
17228,Male,2000-03-01,2,3,181,1,13,11528,4,4
17228,Male,2000-03-01,2,3,271,1,13,11528,77,77
17754,Male,1985-09-01,2,3,24,1,5,11479,38,38
17755,Male,1987-10-01,9,3,24,1,5,11481,38,38
17795,Male,1998-06-01,9000,277,183,1,13,11732,4,4
17795,Male,1998-06-01,9000,277,108,1,13,11732,4,4
17834,Male,1994-03-01,2,3,24,1,5,11551,9,9
17860,Male,1996-05-01,9,3,108,1,8,11567,34,34
17905,Male,2000-05-01,9000,414,207,1,8,11785,4,4
17993,Male,1997-11-01,2,3,101,1,13,11642,34,34
18001,Male,2001-05-01,9,147,153,1,8,14843,4,4
18016,Male,1989-07-01,9000,3,24,1,25,11658,38,38
18329,Unknown,2002-11-01,9000,424,181,1,8,17839,4,4
18413,Female,1987-04-01,2,3,24,1,5,11894,38,38
18604,Female,1964-04-01,9000,112,199,1,126,12030,100,100
18687,Male,1958-03-01,3,3,108,1,5,12088,38,38
18864,Male,2000-12-01,2,416,108,1,8,12198,4,4
18893,Male,2001-05-01,2,3,195,1,8,12482,4,4
18912,Male,2002-03-01,9000,277,173,1,13,13745,4,4
18912,Male,2002-03-01,9000,277,219,1,13,13745,77,77
18933,Male,1977-06-01,9,35,71,1,126,12236,31,31
19021,Female,1992-12-01,9,9000,212,1,119,12282,113,113
19204,Male,1977-05-01,1,3,7,1,119,12401,38,38
19204,Male,1977-05-01,1,3,123,1,119,12401,31,31
19752,Male,1999-12-01,2,3,173,1,8,12718,4,4
20001,Male,1983-09-01,9,9000,24,1,5,12896,38,38
20238,Female,1993-07-01,9000,283,212,1,119,13237,113,113
20454,Male,1998-06-01,2,3,108,1,13,13341,4,4
20454,Male,1998-06-01,2,3,183,1,13,13341,4,4
20580,Male,1991-11-01,9000,3,24,1,5,13279,38,38
20931,Male,1972-04-01,9,9000,7,1,119,13645,77,77
20931,Male,1972-04-01,9,9000,1,1,119,13645,22,22
21159,Male,1999-02-01,9,3,195,1,8,13631,4,4
21159,Male,1999-02-01,9,3,181,1,8,13631,4,4
21201,Male,1994-02-01,9,9000,27,1,13,13929,4,4
21201,Male,1994-02-01,9,9000,108,1,13,13929,4,4
21203,Female,2002-01-01,9,9000,181,1,8,13994,4,4
21203,Female,2002-01-01,9,9000,183,1,8,13994,4,4
21306,Male,1981-06-01,9,288,108,1,5,13736,38,38
21378,Unknown,1992-04-01,9000,283,24,1,11,14426,38,38
21517,Male,2003-04-01,2,3,183,1,8,13993,4,4
21517,Male,2003-04-01,2,3,181,1,8,13993,4,4
21730,Male,1986-08-01,9,3,108,1,5,14015,38,38
22474,Male,1981-05-01,9000,258,24,1,5,14416,38,38
22474,Male,1981-05-01,9000,258,219,1,5,14416,38,38
22813,Male,2000-12-01,9,3,181,1,13,14681,4,4
23053,Male,1978-05-01,2,3,108,1,25,14869,4,4
23272,Male,2002-03-01,9,9000,181,1,8,14974,4,4
24665,Male,1996-09-01,9000,424,108,1,5,16921,38,38
25353,Male,1999-03-01,2,3,183,1,13,17342,4,4
25353,Male,1999-03-01,2,3,108,1,13,17342,4,4
25353,Male,1999-03-01,2,3,148,1,13,17342,4,4
25353,Male,1999-03-01,2,3,24,1,13,17342,77,77
25658,Male,1999-12-01,9000,283,183,1,13,17479,4,4
25658,Male,1999-12-01,9000,283,156,1,13,17479,4,4
25658,Male,1999-12-01,9000,283,181,1,13,17479,4,4
26585,Male,1998-10-01,9000,127,181,1,5,18241,4,4
26875,Male,1996-03-01,9000,424,180,1,8,18270,77,77
26962,Male,1994-12-01,2,3,212,1,119,20727,113,113
34179,Male,1964-09-01,9000,112,199,1,126,20769,31,31
35290,Female,2000-02-01,2,3,181,1,8,20976,4,4
35519,Female,2001-12-01,9,9000,181,1,8,21009,77,77
